id_cliente,ingreso_mensual_fijo,ingreso_mensual_variable,ingreso_mensual,gastos_esenciales_mensuales,gastos_no_esenciales_mensuales,gastos_totales_del_mes,cuotas_mensuales_deuda,ahorro_mensual,ahorro_total,ratio_ahorro_neto,ratio_endeudamiento_dti,gastos_esenciales_ratio,gastos_estilo_vida_ratio,meses_supervivencia,frecuencia_transacciones_ocio,perfil_financiero
1,1706738.96,165017.59,1871756.55,531441.18,644985.76,1176426.94,189992.5,505337.11,269288.9,0.27,1.015,2.839,3.446,0.51,32,Saludable
2,1624441.2,0.0,1624441.2,941545.24,536926.53,1478471.77,600308.47,-454339.04,0.0,-2.797,3.695,5.796,3.305,0.0,27,En Riesgo
3,1048551.14,574327.84,1622878.98,571183.17,141350.06,712533.23,449738.97,460606.78,9469757.69,2.838,2.771,352,871,16.58,24,En Observación
4,473360.44,377183.88,850544.32,579451.22,165561.86,745013.08,136455.61,-30924.37,0.0,-364,1.604,6.813,1.947,0.0,6,Saludable
5,1136277.7,0.0,1136277.7,739110.3,130741.97,869852.27,284667.42,-18241.99,0.0,-161,2.505,6.505,1.151,0.0,34,En Observación
6,1904078.96,227673.27,2131752.23,1585414.0,652315.98,2237729.98,538677.03,-644654.78,0.0,-3.024,2.527,7.437,306,0.0,20,En Observación
7,1182562.53,547881.67,1730444.2,848450.69,583446.44,1431897.13,389150.41,-90603.34,0.0,-524,2.249,4.903,3.372,0.0,35,En Observación
8,1485750.04,0.0,1485750.04,604789.85,421081.13,1025870.98,80675.43,379203.63,11091163.41,2.552,543,4.071,2.834,18.34,9,Saludable
9,1680381.29,0.0,1680381.29,677691.02,126719.37,804410.39,726392.85,149578.05,1438434.97,89,4.323,4.033,754,2.12,7,En Riesgo
10,1799762.81,0.0,1799762.81,558097.65,551419.82,1109517.47,744077.61,-53832.27,0.0,-299,4.134,3.101,3.064,0.0,32,En Riesgo
11,1976316.84,0.0,1976316.84,422628.43,593132.36,1015760.79,249510.8,711045.25,4789264.65,3.598,1.263,2.138,3.001,11.33,33,Saludable
12,2320685.69,0.0,2320685.69,1028443.02,219878.22,1248321.24,126354.64,946009.81,6649694.73,4.076,544,4.432,947,6.47,5,Saludable
13,488437.59,0.0,488437.59,93549.24,173024.55,266573.79,56109.35,165754.45,1716374.47,3.394,1.149,1.915,3.542,18.35,27,Saludable
14,2421598.39,0.0,2421598.39,1460609.15,789312.86,2249922.01,258971.41,-87295.03,0.0,-36,1.069,6.032,3.259,0.0,15,Saludable
15,794334.14,352985.23,1147319.37,330506.96,158429.84,488936.8,409863.15,248519.42,2797730.85,2.166,3.572,2.881,1.381,8.46,15,En Observación
16,912649.98,0.0,912649.98,432176.6,309699.58,741876.18,120796.03,49977.77,281888.93,548,1.324,4.735,3.393,0.65,27,Saludable
17,1079454.65,0.0,1079454.65,721401.75,77362.87,798764.62,266546.46,14143.57,162378.79,131,2.469,6.683,717,0.23,12,En Observación
18,718459.6,0.0,718459.6,289631.89,115972.35,405604.24,295130.76,17724.6,121334.29,247,4.108,4.031,1.614,0.42,34,En Riesgo
19,2139260.69,0.0,2139260.69,1509933.39,833195.6,2343128.99,53367.42,-257235.72,0.0,-1.202,249,7.058,3.895,0.0,24,Saludable
20,883446.73,0.0,883446.73,373702.4,193654.17,567356.57,264427.45,51662.71,163249.99,585,2.993,423,2.192,0.44,3,En Observación
21,1574196.64,0.0,1574196.64,942605.86,114705.58,1057311.44,137941.56,378943.64,4877088.36,2.407,876,5.988,729,5.17,11,Saludable
22,450746.93,517091.52,967838.45,379649.47,412917.1,792566.57,82703.06,92568.82,1771613.23,956,855,3.923,4.266,4.67,20,Saludable
23,2356353.77,429715.08,2786068.85,816907.63,580378.09,1397285.72,543282.21,845500.92,1573154.66,3.035,195,2.932,2.083,1.93,36,Saludable
24,2491412.19,127892.59,2619304.78,809680.15,1108761.54,1918441.69,346087.76,354775.33,9937046.35,1.354,1.321,3.091,4.233,12.27,39,Saludable
25,2464477.28,0.0,2464477.28,1151808.98,781597.34,1933406.32,803164.83,-272093.87,0.0,-1.104,3.259,4.674,3.171,0.0,35,En Observación
26,641985.4,126377.79,768363.19,273328.43,249717.15,523045.58,278747.04,-33429.43,0.0,-435,3.628,3.557,325,0.0,17,En Riesgo
27,396990.88,78491.8,475482.68,350848.58,54505.91,405354.49,31512.77,38615.42,1211185.37,812,663,7.379,1.146,3.45,9,Saludable
28,1500298.64,0.0,1500298.64,749407.78,163888.89,913296.67,294416.73,292585.24,10054307.54,195,1.962,4.995,1.092,13.42,13,Saludable
29,1800546.71,0.0,1800546.71,652170.95,493265.91,1145436.86,877531.37,-222421.52,0.0,-1.235,4.874,3.622,274,0.0,11,En Riesgo
30,2239115.65,441938.68,2681054.33,936522.52,1132279.9,2068802.42,322625.4,289626.51,3261560.91,108,1.203,3.493,4.223,3.48,2,Saludable
31,2188905.15,489951.96,2678857.11,1141680.52,460967.95,1602648.47,319592.54,756616.1,9637939.77,2.824,1.193,4.262,1.721,8.44,17,Saludable
32,1072521.48,0.0,1072521.48,598156.89,415563.96,1013720.85,53274.8,5525.83,136886.11,52,497,5.577,3.875,0.23,2,Saludable
33,538485.6,0.0,538485.6,316159.45,94488.57,410648.02,122081.93,5755.65,49502.13,107,2.267,5.871,1.755,0.16,0,En Observación
34,1443824.77,0.0,1443824.77,811594.53,615221.31,1426815.84,588826.9,-571817.97,0.0,-396,4.078,5.621,4.261,0.0,7,En Riesgo
35,1883459.38,185570.8,2069030.18,817340.88,436482.93,1253823.81,838188.09,-22981.72,0.0,-111,4.051,395,211,0.0,39,En Riesgo
36,1552031.56,0.0,1552031.56,1009185.4,266250.98,1275436.38,48931.52,227663.66,3287947.56,1.467,315,6.502,1.715,3.26,32,Saludable
37,1341009.61,0.0,1341009.61,841637.55,158073.6,999711.15,17056.74,324241.72,9324168.4,2.418,127,6.276,1.179,11.08,19,Saludable
38,794209.47,14655.23,808864.7,240156.4,194171.64,434328.04,130165.93,244370.73,1585165.62,3.021,1.609,2.969,2.401,6.6,31,Saludable
39,1179236.3,412573.45,1591809.75,1091338.23,627453.56,1718791.79,424636.04,-551618.08,0.0,-3.465,2.668,6.856,3.942,0.0,35,En Observación
40,848236.22,0.0,848236.22,359547.91,314328.05,673875.96,380741.92,-206381.66,0.0,-2.433,4.489,4.239,3.706,0.0,32,En Riesgo
41,1238829.67,0.0,1238829.67,517271.06,140809.3,658080.36,269458.42,311290.89,3107394.0,2.513,2.175,4.175,1.137,06.01,31,En Observación
42,1678846.56,46490.01,1725336.57,554586.82,273786.83,828373.65,82740.99,814221.93,19034691.0,4.719,48,3.214,1.587,34.32,4,Saludable
43,1212709.37,279554.58,1492263.95,279589.72,571770.58,851360.3,87180.33,553723.32,14362156.38,3.711,584,1.874,3.832,51.37,30,Saludable
44,312971.38,452085.08,765056.46,506519.99,330024.04,836544.03,200542.22,-272029.79,0.0,-3.556,2.621,6.621,4.314,0.0,27,En Observación
45,1368412.39,401324.17,1769736.56,1112961.47,601130.93,1714092.4,223121.04,-167476.88,0.0,-946,1.261,6.289,3.397,0.0,1,Saludable
46,484684.42,0.0,484684.42,324792.27,59466.71,384258.98,18914.06,81511.38,1420785.64,1.682,39,6.701,1.227,4.37,26,Saludable
47,854997.37,11629.97,866627.34,410479.28,389950.35,800429.63,214509.0,-148311.29,0.0,-1.711,2.475,4.737,0.45,0.0,12,En Observación
48,2146303.46,0.0,2146303.46,629139.42,513877.47,1143016.89,36827.17,966459.4,10849299.97,4.503,172,2.931,2.394,17.24,7,Saludable
49,2011142.15,186623.35,2197765.5,1092752.83,926478.74,2019231.57,865538.82,-687004.89,0.0,-3.126,3.938,4.972,4.216,0.0,40,En Riesgo
50,834268.64,0.0,834268.64,276100.88,270055.78,546156.66,100804.01,187307.97,3216477.33,2.245,1.208,3.309,3.237,11.65,4,Saludable
51,1413113.74,509745.38,1922859.12,1237164.77,177317.51,1414482.28,471749.96,36626.88,551489.25,19,2.453,6.434,922,0.45,17,En Observación
52,1655007.18,0.0,1655007.18,1017473.37,390498.13,1407971.5,204989.5,42046.18,779550.96,254,1.239,6.148,2.359,0.77,28,Saludable
53,836499.57,0.0,836499.57,431800.26,168634.73,600434.99,3601.13,232463.45,4048181.22,2.779,43,5.162,2.016,9.38,38,Saludable
54,1842604.25,6090.67,1848694.92,1328911.32,155743.65,1484654.97,412788.95,-48749.0,0.0,-264,2.233,7.188,842,0.0,1,En Observación
55,504717.37,415072.29,919789.66,306955.53,259953.01,566908.54,211218.92,141662.2,1573228.27,154,2.296,3.337,2.826,5.13,17,En Observación
56,974570.58,432770.6,1407341.18,477551.35,488561.9,966113.25,356795.52,84432.41,698092.41,0.06,2.535,3.393,3.472,1.46,33,En Observación
57,1612939.63,0.0,1612939.63,1047728.52,271778.05,1319506.57,87311.91,206121.15,117897.09,1.278,541,6.496,1.685,0.11,18,Saludable
58,1834318.26,521076.72,2355394.98,1047037.17,940009.62,1987046.79,202822.2,165525.99,351141.59,703,861,4.445,3.991,0.34,30,Saludable
59,550991.71,295047.94,846039.65,419815.61,274607.89,694423.5,19255.06,132361.09,948783.29,1.564,228,4.962,3.246,2.26,26,Saludable
60,1633898.83,0.0,1633898.83,466334.79,423227.2,889561.99,841525.98,-97189.14,0.0,-595,515,2.854,259,0.0,39,En Riesgo
61,2412239.31,457642.26,2869881.57,1507574.67,447295.29,1954869.96,34949.76,880061.85,11912944.04,3.067,122,5.253,1.559,7.9,30,Saludable
62,940770.44,424173.5,1364943.94,780464.76,316138.12,1096602.88,393904.61,-125563.55,0.0,-92,2.886,5.718,2.316,0.0,27,En Observación
63,552507.87,89393.64,641901.51,198591.16,68615.75,267206.91,172603.65,202090.95,4659435.88,3.148,2.689,3.094,1.069,23.46,29,En Observación
64,1815091.58,0.0,1815091.58,1298889.96,454115.71,1753005.67,134442.53,-72356.62,0.0,-399,741,7.156,2.502,0.0,5,Saludable
65,803633.71,0.0,803633.71,535469.28,228914.4,764383.68,212733.14,-173483.11,0.0,-2.159,2.647,6.663,2.848,0.0,33,En Observación
66,1733320.88,0.0,1733320.88,448745.49,492491.67,941237.16,165042.84,627040.88,6795010.67,3.618,952,2.589,2.841,15.14,10,Saludable
67,1025568.06,0.0,1025568.06,331187.39,439022.52,770209.91,125155.1,130203.05,1777680.51,127,122,3.229,4.281,5.37,25,Saludable
68,2202803.28,0.0,2202803.28,331941.84,876158.38,1208100.22,348330.63,646372.43,8094655.75,2.934,1.581,1.507,3.977,24.39,3,Saludable
69,747828.12,0.0,747828.12,528418.08,168445.62,696863.7,125795.09,-74830.67,0.0,-1.001,1.682,7.066,2.252,0.0,35,Saludable
70,330083.82,0.0,330083.82,94014.6,127597.95,221612.55,5617.75,102853.52,1943120.4,3.116,17,2.848,3.866,20.67,17,Saludable
71,1214078.75,0.0,1214078.75,526099.01,282533.84,808632.85,216824.21,188621.69,336322.1,1.554,1.786,4.333,2.327,0.64,26,Saludable
72,1047725.53,0.0,1047725.53,325113.0,53461.35,378574.35,288775.57,380375.61,8316350.51,363,2.756,3.103,51,25.58,30,En Observación
73,1059272.67,0.0,1059272.67,504275.27,245897.28,750172.55,188866.05,120234.07,1008925.89,1.135,1.783,4.761,2.321,2.0,2,Saludable
74,999987.92,0.0,999987.92,698049.67,202490.01,900539.68,148260.31,-48812.07,0.0,-488,1.483,6.981,2.025,0.0,37,Saludable
75,1030388.35,507023.65,1537412.0,322590.58,636760.18,959350.76,795969.3,-217908.06,0.0,-1.417,5.177,2.098,4.142,0.0,16,En Riesgo
76,1044834.71,0.0,1044834.71,564108.34,408223.31,972331.65,133583.37,-61080.31,0.0,-585,1.279,5.399,3.907,0.0,34,Saludable
77,378978.02,378696.61,757674.63,532309.96,340173.46,872483.42,162972.57,-277781.36,0.0,-3.666,2.151,7.026,449,0.0,19,En Observación
78,2287532.94,477686.08,2765219.02,901518.55,552868.04,1454386.59,635101.53,675730.9,1534408.68,2.444,2.297,326,1.999,1.7,24,En Observación
79,1663362.81,547697.41,2211060.22,521524.17,518405.1,1039929.27,416340.44,754790.51,22280470.56,3.414,1.883,2.359,2.345,42.72,10,Saludable
80,462496.18,0.0,462496.18,343445.51,78467.89,421913.4,66740.22,-26157.44,0.0,-566,1.443,7.426,1.697,0.0,6,Saludable
81,821852.54,0.0,821852.54,406724.27,367431.22,774155.49,36395.42,11301.63,211192.67,138,443,4.949,4.471,0.52,3,Saludable
82,2303357.3,0.0,2303357.3,1496498.93,947080.56,2443579.49,268021.3,-408243.49,0.0,-1.772,1.164,6.497,4.112,0.0,8,Saludable
83,1682145.83,0.0,1682145.83,904665.37,291975.36,1196640.73,111229.33,374275.77,3867874.33,2.225,661,5.378,1.736,4.28,11,Saludable
84,741748.55,0.0,741748.55,501330.31,145637.14,646967.45,253037.21,-158256.11,0.0,-2.134,3.411,6.759,1.963,0.0,18,En Observación
85,1942430.57,69101.82,2011532.39,1463864.49,213831.54,1677696.03,967656.06,-633819.7,0.0,-3.151,4.811,7.277,1.063,0.0,23,En Riesgo
86,498666.33,158675.15,657341.48,147345.22,129781.73,277126.95,124450.66,255763.87,3103458.41,3.891,1.893,2.242,1.974,21.06,30,Saludable
87,355054.23,0.0,355054.23,172856.17,147738.9,320595.07,179644.6,-145185.44,0.0,-4.089,506,4.868,4.161,0.0,8,En Riesgo
88,399762.98,597556.42,997319.4,219083.43,143534.22,362617.65,391700.07,243001.68,4790062.46,2.437,3.928,2.197,1.439,21.86,37,En Riesgo
89,1932991.83,248930.72,2181922.55,456922.91,536183.06,993105.97,133571.59,1055244.99,19462774.05,4.836,612,2.094,2.457,42.6,23,Saludable
90,518580.17,0.0,518580.17,247196.54,228764.91,475961.45,27900.17,14718.55,318696.32,284,538,4.767,4.411,1.29,13,Saludable
91,1711749.83,0.0,1711749.83,278697.65,624305.69,903003.34,62539.35,746207.14,9998697.01,4.359,365,1.628,3.647,35.88,13,Saludable
92,2088716.56,464621.15,2553337.71,1591204.96,736363.84,2327568.8,106196.45,119572.46,1371250.64,468,416,6.232,2.884,0.86,1,Saludable
93,589967.11,473058.92,1063026.03,535033.49,59861.58,594895.07,42313.89,425817.07,685374.37,4.006,398,5.033,563,1.28,23,Saludable
94,1429123.51,302303.21,1731426.72,1241864.75,116604.69,1358469.44,203415.02,169542.26,2087290.85,979,1.175,7.172,673,1.68,30,Saludable
95,2164056.79,0.0,2164056.79,464789.84,724873.6,1189663.44,143984.11,830409.24,3251432.77,3.837,665,2.148,335,7.0,37,Saludable
96,1506384.15,596776.65,2103160.8,984981.93,486852.63,1471834.56,999936.98,-368610.74,0.0,-1.753,4.754,4.683,2.315,0.0,13,En Riesgo
97,1246153.87,0.0,1246153.87,496328.31,474744.36,971072.67,74531.87,200549.33,2131435.53,1.609,598,3.983,381,4.29,30,Saludable
98,447693.28,0.0,447693.28,92197.09,39677.16,131874.25,121667.54,194151.49,2342083.15,4.337,2.718,2.059,886,25.4,7,En Observación
99,1203778.99,0.0,1203778.99,860314.27,263837.95,1124152.22,165371.01,-85744.24,0.0,-712,1.374,7.147,2.192,0.0,9,Saludable
100,1744819.87,64931.03,1809750.9,1189411.82,356565.12,1545976.94,427309.33,-163535.37,0.0,-904,2.361,6.572,197,0.0,39,En Observación
101,1784948.76,0.0,1784948.76,919957.15,558925.45,1478882.6,275494.31,30571.85,624686.77,171,1.543,5.154,3.131,0.68,11,Saludable
102,2213697.95,0.0,2213697.95,864383.98,236311.95,1100695.93,210247.74,902754.28,8279388.21,4.078,95,3.905,1.067,9.58,23,Saludable
103,985602.21,564844.45,1550446.66,787214.89,625352.31,1412567.2,36182.75,101696.71,1105762.67,656,233,5.077,4.033,1.4,38,Saludable
104,1272497.21,452965.89,1725463.1,376652.21,382993.2,759645.41,434424.91,531392.78,569730.92,308,2.518,2.183,222,1.51,38,En Observación
105,420520.31,567194.45,987714.76,602910.69,351294.94,954205.63,42883.68,-9374.55,0.0,-95,434,6.104,3.557,0.0,14,Saludable
106,1400577.16,0.0,1400577.16,887573.91,110407.78,997981.69,426735.39,-24139.92,0.0,-172,3.047,6.337,788,0.0,36,En Observación
107,1189730.35,0.0,1189730.35,385126.57,252238.21,637364.78,172427.56,379938.01,5901499.34,3.193,1.449,3.237,212,15.32,27,Saludable
108,2157865.59,353322.77,2511188.36,1166139.44,523097.31,1689236.75,116873.68,705077.93,5216999.33,2.808,465,4.644,2.083,4.47,32,Saludable
109,726588.15,0.0,726588.15,262051.17,314822.9,576874.07,70345.68,79368.4,216923.9,1.092,968,3.607,4.333,0.83,4,Saludable
110,689721.48,0.0,689721.48,307940.1,242629.07,550569.17,149901.16,-10748.85,0.0,-156,2.173,4.465,3.518,0.0,40,En Observación
111,995505.57,0.0,995505.57,429413.97,301194.24,730608.21,118912.59,145984.77,810133.78,1.466,1.194,4.314,3.026,1.89,23,Saludable
112,2129732.59,518550.02,2648282.61,1756277.53,783900.54,2540178.07,581051.08,-472946.54,0.0,-1.786,2.194,6.632,296,0.0,36,En Observación
113,1734042.4,285377.42,2019419.82,485704.08,150950.58,636654.66,575270.16,807495.0,6677997.08,3.999,2.849,2.405,747,13.75,15,En Observación
114,1856767.75,0.0,1856767.75,862359.32,545745.19,1408104.51,534174.48,-85511.24,0.0,-461,2.877,4.644,2.939,0.0,40,En Observación
115,1724071.79,56703.57,1780775.36,991941.04,291439.54,1283380.58,937730.79,-440336.01,0.0,-2.473,5.266,557,1.637,0.0,9,En Riesgo
116,2316842.2,393632.83,2710475.03,1483391.74,275331.85,1758723.59,441015.57,510735.87,2506492.39,1.884,1.627,5.473,1.016,1.69,33,Saludable
117,505596.52,0.0,505596.52,230093.48,28966.74,259060.22,147975.66,98560.64,817509.32,1.949,2.927,4.551,573,3.55,9,En Observación
118,469763.19,0.0,469763.19,98971.8,168339.59,267311.39,58846.28,143605.52,1655750.93,3.057,1.253,2.107,3.583,16.73,24,Saludable
119,639356.07,415707.38,1055063.45,553744.03,433696.91,987440.94,165174.26,-97551.75,0.0,-925,1.566,5.248,4.111,0.0,28,Saludable
120,814806.48,579357.98,1394164.46,865249.34,573823.78,1439073.12,40573.57,-85482.23,0.0,-613,291,6.206,4.116,0.0,32,Saludable
121,1460411.53,0.0,1460411.53,934860.16,541087.86,1475948.02,672219.77,-687756.26,0.0,-4.709,4.603,6.401,3.705,0.0,33,En Riesgo
122,2172565.31,457870.1,2630435.41,825101.25,1084061.57,1909162.82,58138.67,663133.92,6619342.43,2.521,221,3.137,4.121,08.02,1,Saludable
123,1212773.19,224376.89,1437150.08,548559.71,118769.21,667328.92,284272.21,485548.95,2528607.34,3.379,1.978,3.817,826,4.61,2,Saludable
124,931134.67,0.0,931134.67,528552.26,98250.61,626802.87,98542.38,205789.42,1993572.33,221,1.058,5.676,1.055,3.77,35,Saludable
125,2368497.09,0.0,2368497.09,956761.16,853769.9,1810531.06,398564.18,159401.85,1274217.51,673,1.683,404,3.605,1.33,31,Saludable
126,1612825.89,309225.44,1922051.33,567318.21,206487.39,773805.6,123752.88,1024492.85,9238983.47,533,644,2.952,1.074,16.29,23,Saludable
127,448894.51,0.0,448894.51,203976.15,199907.36,403883.51,93625.06,-48614.06,0.0,-1.083,2.086,4.544,4.453,0.0,1,En Observación
128,1085606.53,144675.55,1230282.08,669596.57,112528.42,782124.99,107385.78,340771.31,3648669.51,277,873,5.443,915,5.45,29,Saludable
129,2457802.21,0.0,2457802.21,637472.29,255466.5,892938.79,263984.57,1300878.85,40650518.21,5.293,1.074,2.594,1.039,63.77,20,Saludable
130,2353416.16,0.0,2353416.16,1749702.84,628861.7,2378564.54,89422.91,-114571.29,0.0,-487,38,7.435,2.672,0.0,21,Saludable
131,901076.53,0.0,901076.53,371397.46,189233.92,560631.38,59435.45,281009.7,4415046.49,3.119,66,4.122,0.21,11.89,33,Saludable
132,886785.53,254699.8,1141485.33,466141.85,511430.25,977572.1,30898.26,133014.97,992853.01,1.165,271,4.084,448,2.13,27,Saludable
133,666618.5,0.0,666618.5,278831.72,227134.09,505965.81,161473.48,-820.79,0.0,-12,2.422,4.183,3.407,0.0,40,En Observación
134,1193662.51,0.0,1193662.51,716124.44,136071.19,852195.63,5575.71,335891.17,782112.72,2.814,47,5.999,114,01.09,23,Saludable
135,1096731.28,0.0,1096731.28,185820.49,122148.74,307969.23,74016.62,714745.43,2232999.71,6.517,675,1.694,1.114,12.02,20,Saludable
136,1729033.62,68069.17,1797102.79,1062815.42,448588.46,1511403.88,104318.42,181380.49,3487301.24,1.009,58,5.914,2.496,3.28,18,Saludable
137,1826757.41,0.0,1826757.41,493419.97,190515.03,683935.0,873815.66,269006.75,9189891.64,1.473,4.783,2.701,1.043,18.62,20,En Riesgo
138,1769247.54,0.0,1769247.54,849235.79,293951.48,1143187.27,307187.0,318873.27,1249727.22,1.802,1.736,0.48,1.661,1.47,14,Saludable
139,566997.4,83326.12,650323.52,405947.44,39353.42,445300.86,133535.27,71487.39,594664.11,1.099,2.053,6.242,605,1.46,19,En Observación
140,1175951.96,0.0,1175951.96,514125.1,252027.73,766152.83,72221.12,337578.01,648269.46,2.871,614,4.372,2.143,1.26,33,Saludable
141,1057932.52,0.0,1057932.52,653969.19,323640.15,977609.34,431799.99,-351476.81,0.0,-3.322,4.082,6.182,3.059,0.0,9,En Riesgo
142,969073.99,560842.7,1529916.69,436457.95,656323.94,1092781.89,119080.56,318054.24,5989813.85,2.079,778,2.853,429,13.72,40,Saludable
143,966214.13,0.0,966214.13,436288.08,113486.06,549774.14,167279.82,249160.17,5744279.4,2.579,1.731,4.515,1.175,13.17,36,Saludable
144,390627.47,0.0,390627.47,77630.85,167742.76,245373.61,74101.4,71152.46,518139.19,1.821,1.897,1.987,4.294,6.67,40,Saludable
145,1500270.46,0.0,1500270.46,496974.29,221966.76,718941.05,316427.86,464901.55,1783363.73,3.099,2.109,3.313,148,3.59,29,En Observación
146,748850.63,0.0,748850.63,252774.16,252621.13,505395.29,82470.89,160984.45,1729735.93,215,1.101,3.375,3.373,6.84,20,Saludable
147,831823.29,269757.61,1101580.9,258350.0,77377.37,335727.37,445626.58,320226.95,10736209.46,2.907,4.045,2.345,702,41.56,36,En Riesgo
148,1886482.54,95605.45,1982087.99,1481772.6,469211.85,1950984.45,261360.8,-230257.26,0.0,-1.162,1.319,7.476,2.367,0.0,37,Saludable
149,1076369.2,296936.52,1373305.72,933028.97,428064.91,1361093.88,96938.94,-84727.1,0.0,-617,706,6.794,3.117,0.0,25,Saludable
150,1105062.18,0.0,1105062.18,543877.33,141295.59,685172.92,177947.9,241941.36,2899682.4,2.189,161,4.922,1.279,5.33,39,Saludable
151,561384.24,0.0,561384.24,216886.44,206566.32,423452.76,28553.57,109377.91,1503682.99,1.948,509,3.863,368,6.93,2,Saludable
152,385610.73,0.0,385610.73,243852.33,99384.64,343236.97,129158.48,-86784.72,0.0,-2.251,3.349,6.324,2.577,0.0,39,En Observación
153,1926502.59,201824.07,2128326.66,1376971.23,559613.55,1936584.78,226264.47,-34522.59,0.0,-162,1.063,647,2.629,0.0,37,Saludable
154,976891.23,0.0,976891.23,657701.27,294732.18,952433.45,453177.64,-428719.86,0.0,-4.389,4.639,6.733,3.017,0.0,3,En Riesgo
155,1583751.21,377415.14,1961166.35,1023417.96,757925.78,1781343.74,603828.66,-424006.05,0.0,-2.162,3.079,5.218,3.865,0.0,20,En Observación
156,1221316.66,0.0,1221316.66,332607.28,306218.04,638825.32,269594.44,312896.9,6096221.14,2.562,2.207,2.723,2.507,18.33,35,En Observación
157,1015108.98,0.0,1015108.98,472316.29,178152.68,650468.97,26369.86,338270.15,8920046.15,3.332,26,4.653,1.755,18.89,16,Saludable
158,1642168.48,147911.48,1790079.96,867923.83,250515.99,1118439.82,261238.17,410401.97,6096766.4,2.293,1.459,4.849,1.399,07.02,22,Saludable
159,1533072.7,0.0,1533072.7,893779.28,253134.45,1146913.73,131877.24,254281.73,3146009.37,1.659,86,583,1.651,3.52,9,Saludable
160,938995.83,428484.77,1367480.6,489309.32,310350.33,799659.65,52602.32,515218.63,16034582.59,3.768,385,3.578,227,32.77,8,Saludable
161,540298.48,0.0,540298.48,158615.01,37986.32,196601.33,73360.45,270336.7,2331007.36,5.003,1.358,2.936,703,14.7,8,Saludable
162,311399.18,0.0,311399.18,220302.4,66254.22,286556.62,43675.23,-18832.67,0.0,-605,1.403,7.075,2.128,0.0,3,Saludable
163,2297461.31,344480.01,2641941.32,1244595.75,896270.86,2140866.61,908210.11,-407135.4,0.0,-1.541,3.438,4.711,3.392,0.0,25,En Observación
164,2033513.39,449401.92,2482915.31,1671931.63,411634.56,2083566.19,1119039.36,-719690.24,0.0,-2.899,4.507,6.734,1.658,0.0,34,En Riesgo
165,1453500.78,0.0,1453500.78,335060.95,365824.44,700885.39,394366.86,358248.53,7915586.34,2.465,2.713,2.305,2.517,23.62,0,En Observación
166,1920559.37,0.0,1920559.37,942358.43,677790.56,1620148.99,534725.93,-234315.55,0.0,-122,2.784,4.907,3.529,0.0,6,En Observación
167,706518.64,194161.0,900679.64,269148.52,138987.58,408136.1,31819.38,460724.16,3720334.76,5.115,353,2.988,1.543,13.82,23,Saludable
168,1824090.9,70934.91,1895025.81,633097.43,402061.27,1035158.7,142843.39,717023.72,3408227.09,3.784,754,3.341,2.122,5.38,18,Saludable
169,1108596.59,574416.32,1683012.91,735323.72,390444.64,1125768.36,800247.7,-243003.15,0.0,-1.444,4.755,4.369,232,0.0,13,En Riesgo
170,1976091.16,0.0,1976091.16,1002843.89,721171.06,1724014.95,771557.32,-519481.11,0.0,-2.629,3.904,5.075,3.649,0.0,32,En Riesgo
171,744744.91,0.0,744744.91,185234.66,291786.89,477021.55,49358.78,218364.58,4952999.91,2.932,663,2.487,3.918,26.74,3,Saludable
172,1297551.06,0.0,1297551.06,550264.27,94844.12,645108.39,89993.92,562448.75,16055956.66,4.335,694,4.241,731,29.18,37,Saludable
173,460664.96,0.0,460664.96,262685.41,122751.27,385436.68,4163.65,71064.63,339313.64,1.543,9,5.702,2.665,1.29,8,Saludable
174,1984820.9,0.0,1984820.9,1066897.78,432978.31,1499876.09,1026956.4,-542011.59,0.0,-2.731,5.174,5.375,2.181,0.0,34,En Riesgo
175,592577.57,0.0,592577.57,131066.25,264964.37,396030.62,100206.09,96340.86,3096392.14,1.626,1.691,2.212,4.471,23.62,29,Saludable
176,1781699.69,0.0,1781699.69,835902.52,675877.4,1511779.92,657291.17,-387371.4,0.0,-2.174,3.689,4.692,3.793,0.0,26,En Riesgo
177,1652831.06,0.0,1652831.06,1129585.75,241753.84,1371339.59,395178.06,-113686.59,0.0,-688,2.391,6.834,1.463,0.0,2,En Observación
178,1184983.77,130361.53,1315345.3,878963.9,95464.62,974428.52,254373.99,86542.79,832726.17,658,1.934,6.682,726,0.95,20,Saludable
179,821188.88,0.0,821188.88,608843.67,212277.67,821121.34,157071.33,-157003.79,0.0,-1.912,1.913,7.414,2.585,0.0,27,Saludable
180,1522871.47,206648.9,1729520.37,927005.0,350161.9,1277166.9,136060.43,316293.04,1641781.29,1.829,787,536,2.025,1.77,15,Saludable
181,2168550.05,424546.08,2593096.13,1642637.44,1078459.53,2721096.97,218748.12,-346748.96,0.0,-1.337,844,6.335,4.159,0.0,5,Saludable
182,2328897.43,0.0,2328897.43,478538.11,791438.26,1269976.37,443117.54,615803.52,9089949.64,2.644,1.903,2.055,3.398,19.0,37,Saludable
183,1893471.53,0.0,1893471.53,828652.3,753203.17,1581855.47,575299.94,-263683.88,0.0,-1.393,3.038,4.376,3.978,0.0,30,En Observación
184,2311770.85,0.0,2311770.85,1322936.64,482357.52,1805294.16,82991.75,423484.94,5712297.85,1.832,359,5.723,2.087,4.32,23,Saludable
185,1428196.39,0.0,1428196.39,298728.61,632016.01,930744.62,100578.68,396873.09,4768293.19,2.779,704,2.092,4.425,15.96,14,Saludable
186,1930755.23,331986.94,2262742.17,1132319.49,764817.66,1897137.15,406001.04,-40396.02,0.0,-179,1.794,5.004,338,0.0,21,Saludable
187,866118.87,0.0,866118.87,632184.46,265619.41,897803.87,63737.11,-95422.11,0.0,-1.102,736,7.299,3.067,0.0,34,Saludable
188,2478711.79,0.0,2478711.79,1151031.09,955859.18,2106890.27,27636.55,344184.97,1478106.24,1.389,111,4.644,3.856,1.28,4,Saludable
189,1855773.04,303439.75,2159212.79,807373.74,641575.74,1448949.48,215949.8,494313.51,93720.74,2.289,0.1,3.739,2.971,0.12,0,Saludable
190,336797.52,0.0,336797.52,158780.79,55462.27,214243.06,137293.25,-14738.79,0.0,-438,4.076,4.714,1.647,0.0,33,En Riesgo
191,627574.47,315873.59,943448.06,602984.67,148055.2,751039.87,194310.43,-1902.24,0.0,-2,206,6.391,1.569,0.0,5,En Observación
192,1738218.58,0.0,1738218.58,1052928.53,151920.66,1204849.19,98886.57,434482.82,2010165.27,0.25,569,6.058,874,1.91,27,Saludable
193,1718795.93,586397.53,2305193.46,1692712.43,940326.41,2633038.84,425227.45,-753072.83,0.0,-3.267,1.845,7.343,4.079,0.0,4,Saludable
194,1805743.24,325818.42,2131561.66,1161414.5,259500.16,1420914.66,271910.83,438736.17,13465500.32,2.058,1.276,5.449,1.217,11.59,4,Saludable
195,958409.16,0.0,958409.16,469637.31,373565.82,843203.13,221473.37,-106267.34,0.0,-1.109,2.311,0.49,3.898,0.0,5,En Observación
196,1401744.27,0.0,1401744.27,255422.84,315161.6,570584.44,690010.6,141149.23,2008134.69,1.007,4.923,1.822,2.248,7.86,1,En Riesgo
197,1695070.48,0.0,1695070.48,712489.17,239437.78,951926.95,349716.85,393426.68,5355925.73,2.321,2.063,4.203,1.413,7.52,18,En Observación
198,2055721.38,0.0,2055721.38,409546.58,229600.2,639146.78,219451.49,1197123.11,1399059.96,5.823,1.068,1.992,1.117,3.42,19,Saludable
199,1278418.9,0.0,1278418.9,270179.58,108561.92,378741.5,82645.85,817031.55,2105608.04,6.391,646,2.113,849,7.79,38,Saludable
200,1615696.36,231142.75,1846839.11,600422.93,378823.31,979246.24,971994.92,-104402.05,0.0,-565,5.263,3.251,2.051,0.0,24,En Riesgo
201,672903.84,161044.08,833947.92,198113.41,97474.3,295587.71,34520.67,503839.54,16249800.23,6.042,414,2.376,1.169,82.02,31,Saludable
202,1606374.08,64183.42,1670557.5,555952.84,717553.54,1273506.38,83248.19,313802.93,3909781.36,1.878,498,3.328,4.295,07.03,38,Saludable
203,599473.84,568367.35,1167841.19,315913.76,205158.53,521072.29,344873.76,301895.14,4366711.95,2.585,2.953,2.705,1.757,13.82,15,En Observación
204,1016949.72,471519.92,1488469.64,549259.17,629364.95,1178624.12,445930.23,-136084.71,0.0,-914,2.996,369,4.228,0.0,13,En Observación
205,1264600.9,415701.17,1680302.07,1077711.03,618792.63,1696503.66,103122.22,-119323.81,0.0,-71,614,6.414,3.683,0.0,24,Saludable
206,462723.3,0.0,462723.3,202460.33,97320.91,299781.24,35163.22,127778.84,2268163.93,2.761,76,4.375,2.103,11.2,34,Saludable
207,1606403.88,0.0,1606403.88,346375.46,239823.87,586199.33,281041.6,739162.95,15140007.68,4.601,175,2.156,1.493,43.71,21,Saludable
208,2424576.91,0.0,2424576.91,379030.87,372161.28,751192.15,552366.3,1121018.46,11729941.66,4.624,2.278,1.563,1.535,30.95,37,En Observación
209,1818962.07,598621.64,2417583.71,1062921.26,406572.03,1469493.29,393771.73,554318.69,4231529.18,2.293,1.629,4.397,1.682,3.98,13,Saludable
210,1446452.63,58573.82,1505026.45,877725.96,347629.32,1225355.28,15164.87,264506.3,1301605.71,1.757,101,5.832,231,1.48,10,Saludable
211,2345829.38,0.0,2345829.38,1078134.6,635166.42,1713301.02,501902.88,130625.48,1385217.11,557,214,4.596,2.708,1.28,27,En Observación
212,1170281.23,0.0,1170281.23,795625.55,268965.74,1064591.29,75404.64,30285.3,779877.79,259,644,6.799,2.298,0.98,36,Saludable
213,523854.51,0.0,523854.51,137342.03,94500.19,231842.22,35953.48,256058.81,4932695.98,4.888,686,2.622,1.804,35.92,39,Saludable
214,1163596.81,211190.95,1374787.76,583894.84,163614.87,747509.71,371319.19,255958.86,3603602.94,1.862,2.701,4.247,119,6.17,15,En Observación
215,971836.01,416061.93,1387897.94,633568.36,301584.17,935152.53,288067.23,164678.18,3620660.66,1.187,2.076,4.565,2.173,5.71,11,En Observación
216,1520807.67,0.0,1520807.67,356139.58,267406.66,623546.24,102882.86,794378.57,4036130.95,5.223,677,2.342,1.758,11.33,35,Saludable
217,1411963.64,0.0,1411963.64,791854.63,305340.21,1097194.84,177884.5,136884.3,2111006.81,969,126,5.608,2.163,2.67,17,Saludable
218,794655.52,468444.12,1263099.64,618148.68,453476.84,1071625.52,93844.52,97629.6,2274959.61,773,743,4.894,359,3.68,34,Saludable
219,2109744.04,431388.14,2541132.18,1214183.36,1133116.99,2347300.35,39038.06,154793.77,3924624.13,609,154,4.778,4.459,3.23,22,Saludable
220,2196839.18,519174.28,2716013.46,598695.24,1017841.16,1616536.4,1282728.06,-183251.0,0.0,-675,4.723,2.204,3.748,0.0,39,En Riesgo
221,606316.93,124165.63,730482.56,135588.3,139029.96,274618.26,168606.54,287257.76,1617542.44,3.932,2.308,1.856,1.903,11.93,32,En Observación
222,2468074.26,0.0,2468074.26,511224.8,1073880.82,1585105.62,1352804.7,-469836.06,0.0,-1.904,5.481,2.071,4.351,0.0,15,En Riesgo
223,621735.58,148532.84,770268.42,505398.83,159507.42,664906.25,16426.55,88935.62,245439.36,1.155,213,6.561,2.071,0.49,5,Saludable
224,1186271.7,0.0,1186271.7,672405.1,475608.29,1148013.39,528470.86,-490212.55,0.0,-4.132,4.455,5.668,4.009,0.0,29,En Riesgo
225,1696649.2,0.0,1696649.2,1119896.62,624826.99,1744723.61,101217.65,-149292.06,0.0,-88,597,6.601,3.683,0.0,35,Saludable
226,1571454.01,0.0,1571454.01,693329.82,294641.1,987970.92,247129.04,336354.05,2291724.92,214,1.573,4.412,1.875,3.31,10,Saludable
227,1270829.09,574819.06,1845648.15,500892.16,600641.74,1101533.9,627048.56,117065.69,1026782.34,634,3.397,2.714,3.254,02.05,16,En Observación
228,481325.17,0.0,481325.17,259601.15,34036.87,293638.02,45167.86,142519.29,180458.65,2.961,938,5.393,707,0.7,13,Saludable
229,1348974.76,135714.52,1484689.28,828441.23,79749.76,908190.99,154911.84,421586.45,729686.92,284,1.043,558,537,0.88,24,Saludable
230,496528.38,0.0,496528.38,105224.75,97828.34,203053.09,249923.58,43551.71,914791.32,877,5.033,2.119,197,8.69,4,En Riesgo
231,1467118.21,390012.13,1857130.34,768962.74,629516.69,1398479.43,320737.77,137913.14,1613992.7,743,1.727,4.141,339,2.1,6,Saludable
232,608028.91,438005.49,1046034.4,377536.18,231963.88,609500.06,124124.01,312410.33,6414991.96,2.987,1.187,3.609,2.218,16.99,18,Saludable
233,2013733.24,0.0,2013733.24,1326517.09,631027.77,1957544.86,458451.28,-402262.9,0.0,-1.998,2.277,6.587,3.134,0.0,15,En Observación
234,1388752.98,299749.52,1688502.5,854986.51,441230.36,1296216.87,247626.56,144659.07,3638050.15,857,1.467,5.064,2.613,4.26,23,Saludable
235,1501983.69,282608.78,1784592.47,1324916.71,141333.9,1466250.61,631631.05,-313289.19,0.0,-1.756,3.539,7.424,792,0.0,18,En Observación
236,1682855.53,0.0,1682855.53,671895.55,556561.14,1228456.69,20807.11,433591.73,3677289.81,2.577,124,3.993,3.307,5.47,13,Saludable
237,2443489.45,196050.18,2639539.63,1324685.42,937801.12,2262486.54,257291.58,119761.51,2116040.44,454,975,5.019,3.553,1.6,15,Saludable
238,489668.16,0.0,489668.16,206651.28,143733.75,350385.03,22717.42,116565.71,2766676.33,2.381,464,422,2.935,13.39,10,Saludable
239,1392108.45,310333.71,1702442.16,1095528.55,261663.29,1357191.84,446833.96,-101583.64,0.0,-597,2.625,6.435,1.537,0.0,21,En Observación
240,2075637.26,38323.19,2113960.45,1220587.97,593305.56,1813893.53,24438.45,275628.47,3548918.38,1.304,116,5.774,2.807,2.91,16,Saludable
241,2001323.7,0.0,2001323.7,1109678.47,192394.13,1302072.6,222381.07,476870.03,495397.99,2.383,1.111,5.545,961,0.45,9,Saludable
242,693714.05,0.0,693714.05,118776.43,257538.7,376315.13,74298.94,243099.98,4712466.12,3.504,1.071,1.712,3.712,39.68,4,Saludable
243,1557379.12,403995.43,1961374.55,356192.07,273168.53,629360.6,785003.31,547010.64,16989001.36,2.789,4.002,1.816,1.393,47.7,19,En Riesgo
244,1020062.03,0.0,1020062.03,157886.74,132881.91,290768.65,86267.68,643025.7,10190911.9,6.304,846,1.548,1.303,64.55,12,Saludable
245,1911419.34,0.0,1911419.34,1199576.43,210689.16,1410265.59,293568.28,207585.47,1599436.58,1.086,1.536,6.276,1.102,1.33,21,Saludable
246,303216.49,0.0,303216.49,199942.04,103362.26,303304.3,4727.86,-4815.67,0.0,-159,156,6.594,3.409,0.0,17,Saludable
247,504658.6,0.0,504658.6,347393.09,130153.31,477546.4,53053.26,-25941.06,0.0,-514,1.051,6.884,2.579,0.0,25,Saludable
248,464627.07,0.0,464627.07,190956.95,202432.12,393389.07,87883.58,-16645.58,0.0,-358,1.891,411,4.357,0.0,20,Saludable
249,1296067.28,566132.81,1862200.09,431410.51,666776.85,1098187.36,30439.38,733573.35,1984705.27,3.939,163,2.317,3.581,4.6,13,Saludable
250,1294217.57,0.0,1294217.57,856111.09,111520.6,967631.69,253190.69,73395.19,608423.44,567,1.956,6.615,862,0.71,9,Saludable
251,500668.39,213445.65,714114.04,327118.36,229140.16,556258.52,27868.31,129987.21,2059531.36,182,39,4.581,3.209,6.3,15,Saludable
252,508395.61,476285.85,984681.46,219457.88,73523.87,292981.75,115349.52,576350.19,16287345.76,5.853,1.171,2.229,747,74.22,5,Saludable
253,1581112.36,487648.25,2068760.61,337373.71,156788.91,494162.62,687237.9,887360.09,15853726.49,4.289,3.322,1.631,758,46.99,2,En Observación
254,2373017.45,554479.04,2927496.49,1199962.74,994682.33,2194645.07,217861.24,514990.18,9219426.08,1.759,744,4.099,3.398,7.68,28,Saludable
255,2243532.36,371505.93,2615038.29,777897.71,439436.43,1217334.14,161606.31,1236097.84,2928349.83,4.727,618,2.975,168,3.76,33,Saludable
256,848125.06,0.0,848125.06,403872.07,49031.8,452903.87,217972.89,177248.3,1776154.68,209,257,4.762,578,4.4,20,En Observación
257,1154438.8,191326.54,1345765.34,378714.67,549483.95,928198.62,157159.48,260407.24,8624111.3,1.935,1.168,2.814,4.083,22.77,10,Saludable
258,520295.54,0.0,520295.54,161248.02,195898.59,357146.61,71586.9,91562.03,2839531.01,176,1.376,3.099,3.765,17.61,22,Saludable
259,2357453.27,0.0,2357453.27,599328.79,340935.96,940264.75,614625.23,802563.29,12530249.01,3.404,2.607,2.542,1.446,20.91,36,En Observación
260,1539934.27,0.0,1539934.27,404910.62,685582.56,1090493.18,203647.0,245794.09,406801.32,1.596,1.322,2.629,4.452,1.0,14,Saludable
261,343841.58,0.0,343841.58,120014.6,101658.11,221672.71,69151.31,53017.56,585953.67,1.542,2.011,349,2.957,4.88,9,En Observación
262,1590540.19,0.0,1590540.19,977577.65,618071.76,1595649.41,625714.84,-630824.06,0.0,-3.966,3.934,6.146,3.886,0.0,19,En Riesgo
263,1009727.05,0.0,1009727.05,595144.45,226933.48,822077.93,225249.91,-37600.79,0.0,-372,2.231,5.894,2.247,0.0,39,En Observación
264,2031381.94,353370.09,2384752.03,608614.9,411916.53,1020531.43,1149945.88,214274.72,4774665.26,899,4.822,2.552,1.727,7.85,36,En Riesgo
265,371242.03,0.0,371242.03,260843.16,162237.47,423080.63,12300.84,-64139.44,0.0,-1.728,331,7.026,437,0.0,20,Saludable
266,669352.32,0.0,669352.32,136036.23,223286.78,359323.01,64167.73,245861.58,797371.03,3.673,959,2.032,3.336,5.86,16,Saludable
267,2031444.01,0.0,2031444.01,363401.92,457660.07,821061.99,819697.39,390684.63,3150758.5,1.923,4.035,1.789,2.253,8.67,30,En Riesgo
268,2035205.99,0.0,2035205.99,1231189.98,285403.23,1516593.21,137769.43,380843.35,1411485.24,1.871,677,6.049,1.402,1.15,21,Saludable
269,674231.45,439191.05,1113422.5,532469.54,455667.79,988137.33,15549.73,109735.44,140582.96,986,14,4.782,4.092,0.26,10,Saludable
270,1636098.78,0.0,1636098.78,297988.31,298486.31,596474.62,717475.3,322148.86,5603412.19,1.969,4.385,1.821,1.824,18.8,19,En Riesgo
271,822606.23,343061.88,1165668.11,762245.18,129897.36,892142.54,249617.21,23908.36,247819.72,205,2.141,6.539,1.114,0.33,1,En Observación
272,755296.56,0.0,755296.56,556075.47,180839.34,736914.81,315514.65,-297132.9,0.0,-3.934,4.177,7.362,2.394,0.0,24,En Riesgo
273,706738.69,0.0,706738.69,262653.07,161355.59,424008.66,27912.22,254817.81,552446.47,3.606,395,3.716,2.283,2.1,6,Saludable
274,488556.09,324869.4,813425.49,595771.8,232550.68,828322.48,67547.09,-82444.08,0.0,-1.014,83,7.324,2.859,0.0,30,Saludable
275,1559971.44,179311.27,1739282.71,672898.25,681061.24,1353959.49,409919.35,-24596.13,0.0,-141,2.357,3.869,3.916,0.0,28,En Observación
276,680333.74,0.0,680333.74,498888.0,254025.93,752913.93,12877.29,-85457.48,0.0,-1.256,189,7.333,3.734,0.0,38,Saludable
277,867349.99,0.0,867349.99,605847.75,66616.63,672464.38,50492.67,144392.94,2586667.58,1.665,582,6.985,768,4.27,39,Saludable
278,1592667.39,0.0,1592667.39,346423.16,174965.55,521388.71,135359.35,935919.33,3564824.0,5.876,85,2.175,1.099,10.29,18,Saludable
279,2208445.59,0.0,2208445.59,1494534.94,343754.83,1838289.77,216909.44,153246.38,1903954.33,694,982,6.767,1.557,1.27,25,Saludable
280,385321.57,0.0,385321.57,134437.33,55883.85,190321.18,43103.02,151897.37,2560027.3,3.942,1.119,3.489,145,19.04,17,Saludable
281,2154262.45,0.0,2154262.45,1208349.97,945718.32,2154068.29,420236.43,-420042.27,0.0,-195,1.951,5.609,439,0.0,38,Saludable
282,1720220.59,126834.3,1847054.89,1190208.3,639779.03,1829987.33,210423.87,-193356.31,0.0,-1.047,1.139,6.444,3.464,0.0,32,Saludable
283,1187447.31,0.0,1187447.31,551654.45,329479.72,881134.17,30945.59,275367.55,113270.14,2.319,261,4.646,2.775,0.21,23,Saludable
284,1850194.68,494103.78,2344298.46,1062144.96,713051.02,1775195.98,362392.16,206710.32,1431758.21,882,1.546,4.531,3.042,1.35,37,Saludable
285,1512934.19,502592.26,2015526.45,615130.52,770632.67,1385763.19,629676.18,87.08,1204.95,0.0,3.124,3.052,3.823,0.0,14,En Observación
286,1724235.76,0.0,1724235.76,537013.48,368646.57,905660.05,5186.25,813389.46,23558406.92,4.717,3,3.115,2.138,43.87,38,Saludable
287,2061902.58,365006.33,2426908.91,1737188.63,813247.94,2550436.57,1271386.58,-1394914.24,0.0,-5.748,5.239,7.158,3.351,0.0,19,En Riesgo
288,1789831.54,0.0,1789831.54,694976.42,162740.15,857716.57,137328.51,794786.46,15709305.33,4.441,767,3.883,909,22.6,19,Saludable
289,1805708.9,0.0,1805708.9,635194.57,289984.75,925179.32,837902.92,42626.66,469389.9,236,464,3.518,1.606,0.74,33,En Riesgo
290,1984043.65,0.0,1984043.65,1256411.3,735972.06,1992383.36,494184.7,-502524.41,0.0,-2.533,2.491,6.333,3.709,0.0,16,En Observación
291,2295205.44,0.0,2295205.44,1358851.72,650023.94,2008875.66,625219.02,-338889.24,0.0,-1.477,2.724,592,2.832,0.0,30,En Observación
292,2294358.31,0.0,2294358.31,1042530.98,890595.78,1933126.76,289308.96,71922.59,176498.72,313,1.261,4.544,3.882,0.17,35,Saludable
293,1978420.08,407827.42,2386247.5,838478.4,204548.97,1043027.37,624317.49,718902.64,4583179.64,3.013,2.616,3.514,857,5.47,18,En Observación
294,1320273.38,32206.17,1352479.55,717677.11,381568.62,1099245.73,125913.42,127320.4,2423787.78,941,931,5.306,2.821,3.38,26,Saludable
295,418936.34,0.0,418936.34,97368.83,54511.43,151880.26,25713.8,241342.28,2595185.57,5.761,614,2.324,1.301,26.65,5,Saludable
296,1372677.86,0.0,1372677.86,351535.33,417018.97,768554.3,970.52,603153.04,12294003.87,4.394,7,2.561,3.038,34.97,5,Saludable
297,584693.11,0.0,584693.11,238347.71,129573.95,367921.66,88113.47,128657.98,4852809.29,0.22,1.507,4.076,2.216,20.36,33,Saludable
298,719268.76,0.0,719268.76,378344.11,107551.72,485895.83,74824.6,158548.33,1513059.66,2.204,104,526,1.495,4.0,2,Saludable
299,956044.96,436699.15,1392744.11,707266.03,257844.37,965110.4,537158.02,-109524.31,0.0,-786,3.857,5.078,1.851,0.0,25,En Riesgo
300,342074.41,590927.71,933002.12,258174.88,54828.16,313003.04,157186.88,462812.2,5477832.12,496,1.685,2.767,588,21.22,34,Saludable
301,1670896.51,0.0,1670896.51,298716.57,155803.38,454519.95,209560.5,1006816.06,2362908.82,6.026,1.254,1.788,932,7.91,9,Saludable
302,752088.81,0.0,752088.81,117012.03,164217.53,281229.56,171511.13,299348.12,5004375.13,398,228,1.556,2.183,42.77,32,En Observación
303,1881285.69,68407.53,1949693.22,416762.96,252404.68,669167.64,58417.5,1222108.08,17511060.81,6.268,0.03,2.138,1.295,42.02,2,Saludable
304,1505905.28,0.0,1505905.28,847707.74,364829.01,1212536.75,52971.41,240397.12,3700299.34,1.596,352,5.629,2.423,4.37,5,Saludable
305,2014957.69,434145.75,2449103.44,1696904.5,753674.15,2450578.65,167794.65,-169269.86,0.0,-691,685,6.929,3.077,0.0,18,Saludable
306,1092472.26,0.0,1092472.26,443103.61,105271.09,548374.7,139494.38,404603.18,5616503.66,3.704,1.277,4.056,964,12.68,28,Saludable
307,2401196.14,439840.77,2841036.91,1061335.51,531527.01,1592862.52,596724.39,651450.0,11818006.49,2.293,0.21,3.736,1.871,11.14,26,En Observación
308,1727462.26,0.0,1727462.26,376299.9,567415.99,943715.89,15196.42,768549.95,16704970.99,4.449,88,2.178,3.285,44.39,28,Saludable
309,698773.23,215159.35,913932.58,152891.54,295918.26,448809.8,304032.31,161090.47,438920.88,1.763,3.327,1.673,3.238,2.87,2,En Observación
310,439339.3,0.0,439339.3,69159.09,174563.96,243723.05,34585.97,161030.28,6016183.43,3.665,787,1.574,3.973,86.99,33,Saludable
311,1450826.99,0.0,1450826.99,300531.97,456553.93,757085.9,54096.33,639644.76,15504963.64,4.409,373,2.071,3.147,51.59,39,Saludable
312,420045.45,0.0,420045.45,102556.79,163623.76,266180.55,53673.69,100191.21,1019296.45,2.385,1.278,2.442,3.895,9.94,3,Saludable
313,1415244.53,0.0,1415244.53,533805.55,533322.62,1067128.17,16734.69,331381.67,3475436.0,2.342,118,3.772,3.768,6.51,31,Saludable
314,1939525.72,242063.8,2181589.52,374140.77,588242.74,962383.51,586340.35,632865.66,16347325.21,2.901,2.688,1.715,2.696,43.69,29,En Observación
315,2390781.29,32565.13,2423346.42,687626.65,561692.91,1249319.56,588785.2,585241.66,6072880.48,2.415,243,2.838,2.318,8.83,14,En Observación
316,304833.29,380196.71,685030.0,431533.02,184325.29,615858.31,38418.92,30752.77,880978.3,449,561,6.299,2.691,02.04,26,Saludable
317,535315.31,0.0,535315.31,140534.21,225949.37,366483.58,116996.86,51834.87,135342.87,968,2.186,2.625,4.221,0.96,40,En Observación
318,2142425.72,0.0,2142425.72,1313922.07,493190.34,1807112.41,211604.18,123709.13,811851.06,577,988,6.133,2.302,0.62,27,Saludable
319,2145395.44,0.0,2145395.44,976154.37,897772.74,1873927.11,57025.4,214442.93,2513699.67,0.1,266,455,4.185,2.58,20,Saludable
320,1409042.26,587700.46,1996742.72,1396813.67,708743.55,2105557.22,81945.09,-190759.59,0.0,-955,41,6.995,3.549,0.0,32,Saludable
321,957608.9,0.0,957608.9,638174.06,320559.33,958733.39,234506.44,-235630.93,0.0,-2.461,2.449,6.664,3.347,0.0,8,En Observación
322,2458938.09,0.0,2458938.09,1782719.96,618564.01,2401283.97,256090.52,-198436.4,0.0,-807,1.041,725,2.516,0.0,26,Saludable
323,1783335.67,0.0,1783335.67,838777.1,715101.36,1553878.46,112988.5,116468.71,78083.29,653,634,4.703,401,0.09,17,Saludable
324,1950407.04,171969.33,2122376.37,637427.31,818712.47,1456139.78,219855.33,446381.26,5130856.59,2.103,1.036,3.003,3.858,08.05,35,Saludable
325,2202651.27,0.0,2202651.27,1072167.67,319468.55,1391636.22,594326.55,216688.5,4689072.66,984,2.698,4.868,145,4.37,20,En Observación
326,2424833.07,446201.98,2871035.05,780497.58,1141351.23,1921848.81,621463.04,327723.2,5281977.67,1.141,2.165,2.719,3.975,6.77,37,En Observación
327,1502553.3,0.0,1502553.3,925104.11,654686.41,1579790.52,66302.66,-143539.88,0.0,-955,441,6.157,4.357,0.0,24,Saludable
328,389395.31,158543.76,547939.07,135098.38,212822.65,347921.03,463.98,199554.06,5585090.05,3.642,8,2.466,3.884,41.34,40,Saludable
329,1654339.09,0.0,1654339.09,735073.42,461677.73,1196751.15,88859.25,368728.69,881976.14,2.229,537,4.443,2.791,1.2,32,Saludable
330,650615.08,0.0,650615.08,255073.8,123461.49,378535.29,86212.69,185867.1,5445939.81,2.857,1.325,3.921,1.898,21.35,30,Saludable
331,2492588.38,0.0,2492588.38,1841224.98,133407.02,1974632.0,540518.01,-22561.63,0.0,-91,2.169,7.387,535,0.0,20,En Observación
332,1139019.74,0.0,1139019.74,248334.11,173855.67,422189.78,175074.01,541755.95,7601871.39,4.756,1.537,218,1.526,30.61,31,Saludable
333,396473.65,0.0,396473.65,105266.7,101321.97,206588.67,56391.15,133493.83,12644.62,3.367,1.422,2.655,2.556,0.12,40,Saludable
334,2001880.99,0.0,2001880.99,809812.25,183313.69,993125.94,511303.29,497451.76,13266696.85,2.485,2.554,4.045,916,16.38,9,En Observación
335,352256.48,0.0,352256.48,60845.89,27933.66,88779.55,66148.91,197328.02,4315628.88,5.602,1.878,1.727,793,70.93,28,Saludable
336,1686477.98,0.0,1686477.98,270063.44,538525.29,808588.73,415233.5,462655.75,9078643.67,2.743,2.462,1.601,3.193,33.62,4,En Observación
337,1086940.31,0.0,1086940.31,352062.1,352550.68,704612.78,98895.13,283432.4,2749250.09,2.608,91,3.239,3.244,7.81,10,Saludable
338,1473629.08,234595.54,1708224.62,1073603.4,458299.22,1531902.62,801707.84,-625385.84,0.0,-3.661,4.693,6.285,2.683,0.0,23,En Riesgo
339,2406261.63,524860.16,2931121.79,688298.68,195532.95,883831.63,251806.19,1795483.97,13133129.95,6.126,859,2.348,667,19.08,22,Saludable
340,765821.27,0.0,765821.27,506112.37,81929.13,588041.5,21135.83,156643.94,3066982.53,2.045,276,6.609,107,06.06,3,Saludable
341,2173052.99,0.0,2173052.99,1622374.92,509594.14,2131969.06,179167.55,-138083.62,0.0,-635,824,7.466,2.345,0.0,21,Saludable
342,1085704.39,0.0,1085704.39,315635.66,178115.08,493750.74,11368.77,580584.88,12736689.99,5.348,105,2.907,1.641,40.35,9,Saludable
343,1544214.42,189799.9,1734014.32,705716.84,90052.14,795768.98,64030.68,874214.66,11127821.66,5.042,369,407,519,15.77,21,Saludable
344,2231348.82,0.0,2231348.82,814988.91,384213.09,1199202.0,393533.0,638613.82,8410083.6,2.862,1.764,3.652,1.722,10.32,34,Saludable
345,732150.24,0.0,732150.24,385090.04,249641.37,634731.41,203126.36,-105707.53,0.0,-1.444,2.774,526,341,0.0,13,En Observación
346,2293867.87,0.0,2293867.87,1092068.27,1031073.58,2123141.85,162441.61,8284.41,221050.11,36,708,4.761,4.495,0.2,18,Saludable
347,594538.77,0.0,594538.77,121483.54,116259.81,237743.35,321645.51,35149.91,849707.24,591,541,2.043,1.955,6.99,8,En Riesgo
348,1281684.98,569227.1,1850912.08,1009946.45,809022.98,1818969.43,204318.43,-172375.78,0.0,-931,1.104,5.456,4.371,0.0,23,Saludable
349,814841.07,0.0,814841.07,375422.65,298707.85,674130.5,47435.13,93275.44,855620.47,1.145,582,4.607,3.666,2.28,33,Saludable
350,1693847.36,445145.82,2138993.18,1063462.19,594777.13,1658239.32,955958.2,-475204.34,0.0,-2.222,4.469,4.972,2.781,0.0,14,En Riesgo
351,1436017.92,520631.65,1956649.57,865067.92,475160.68,1340228.6,177334.37,439086.6,1071256.55,2.244,906,4.421,2.428,1.24,13,Saludable
352,630528.9,361212.17,991741.07,634885.9,311846.89,946732.79,197885.78,-152877.5,0.0,-1.542,1.995,6.402,3.144,0.0,26,Saludable
353,349381.28,344091.91,693473.19,171064.22,209301.42,380365.64,4076.67,309030.88,2328243.87,4.456,59,2.467,3.018,13.61,38,Saludable
354,2432336.11,0.0,2432336.11,1646947.89,829888.09,2476835.98,710456.38,-754956.25,0.0,-3.104,2.921,6.771,3.412,0.0,14,En Observación
355,2126799.86,0.0,2126799.86,1333013.59,804315.88,2137329.47,529461.11,-539990.72,0.0,-2.539,2.489,6.268,3.782,0.0,37,En Observación
356,451454.37,79327.92,530782.29,84892.03,137517.48,222409.51,134104.89,174267.89,1237133.9,3.283,2.527,1.599,2.591,14.57,38,En Observación
357,385880.44,0.0,385880.44,174417.0,37432.94,211849.94,65425.77,108604.73,3497766.22,2.814,1.695,452,97,20.05,27,Saludable
358,1448497.31,26062.97,1474560.28,689931.88,209084.54,899016.42,395821.14,179722.72,4726728.49,1.219,2.684,4.679,1.418,6.85,36,En Observación
359,514977.2,286284.74,801261.94,231971.53,315393.77,547365.3,34045.62,219851.02,5671477.37,2.744,425,2.895,3.936,24.45,36,Saludable
360,1449589.39,0.0,1449589.39,543622.01,191588.57,735210.58,174882.92,539495.89,6084362.96,3.722,1.206,375,1.322,11.19,34,Saludable
361,1231835.4,165336.33,1397171.73,780129.59,491788.75,1271918.34,86602.61,38650.78,407987.72,277,62,5.584,352,0.52,19,Saludable
362,1570832.54,0.0,1570832.54,610861.98,165294.64,776156.62,263684.45,530991.47,7081287.03,338,1.679,3.889,1.052,11.59,32,Saludable
363,1181233.99,330345.73,1511579.72,858931.66,502926.72,1361858.38,36445.25,113276.09,671625.06,749,241,5.682,3.327,0.78,27,Saludable
364,493909.52,222501.08,716410.6,369250.43,243434.81,612685.24,100012.89,3712.47,45292.22,52,1.396,5.154,3.398,0.12,11,Saludable
365,1708640.89,0.0,1708640.89,463083.28,534383.74,997467.02,329598.5,381575.37,3603046.92,2.233,1.929,271,3.128,7.78,10,Saludable
366,1782853.64,393011.47,2175865.11,1600104.09,184376.55,1784480.64,90060.21,301324.26,681921.43,1.385,414,7.354,847,0.43,4,Saludable
367,2322190.33,0.0,2322190.33,1360067.92,635457.04,1995524.96,203052.0,123613.37,3039762.26,532,874,5.857,2.736,2.24,25,Saludable
368,1564794.79,244280.78,1809075.57,386923.23,142834.45,529757.68,905868.47,373449.42,12153565.02,2.064,5.007,2.139,79,31.41,36,En Riesgo
369,850311.28,0.0,850311.28,319928.06,207009.95,526938.01,170869.3,152503.97,5295237.97,1.794,2.009,3.762,2.435,16.55,30,En Observación
370,555790.26,380197.08,935987.34,698732.16,300232.16,998964.32,32281.75,-95258.73,0.0,-1.018,345,7.465,3.208,0.0,15,Saludable
371,932037.08,449272.88,1381309.96,490635.4,375468.5,866103.9,272229.83,242976.23,1553339.95,1.759,1.971,3.552,2.718,3.17,12,Saludable
372,1397798.55,441257.44,1839055.99,1238871.79,244063.79,1482935.58,55934.86,300185.55,1300730.71,1.632,304,6.736,1.327,01.05,31,Saludable
373,1650419.35,0.0,1650419.35,783758.36,110421.72,894180.08,698267.83,57971.44,2025316.09,351,4.231,4.749,669,2.58,31,En Riesgo
374,702318.1,0.0,702318.1,320734.76,146891.09,467625.85,79028.63,155663.62,1734035.31,2.216,1.125,4.567,2.092,5.41,22,Saludable
375,1166177.23,0.0,1166177.23,297235.51,513821.04,811056.55,122141.54,232979.14,1454598.06,1.998,1.047,2.549,4.406,4.89,20,Saludable
376,1095525.12,0.0,1095525.12,287346.89,169959.34,457306.23,44271.52,593947.37,6138528.46,5.422,404,2.623,1.551,21.36,23,Saludable
377,1103171.57,0.0,1103171.57,463814.58,307303.76,771118.34,278994.06,53059.17,1228431.62,481,2.529,4.204,2.786,2.65,24,En Observación
378,731339.07,0.0,731339.07,433775.64,174932.51,608708.15,243987.82,-121356.9,0.0,-1.659,3.336,5.931,2.392,0.0,20,En Observación
379,2027732.46,337283.07,2365015.53,1160514.8,495141.45,1655656.25,244971.8,464387.48,7422277.31,1.964,1.036,4.907,2.094,6.4,21,Saludable
380,871492.07,334494.89,1205986.96,767019.2,226310.82,993330.02,244409.63,-31752.69,0.0,-263,2.027,636,1.877,0.0,34,En Observación
381,683985.44,0.0,683985.44,248331.46,218380.91,466712.37,50015.79,167257.28,1498436.02,2.445,731,3.631,3.193,06.03,9,Saludable
382,2210166.83,0.0,2210166.83,1562897.37,483422.27,2046319.64,202996.13,-39148.94,0.0,-177,918,7.071,2.187,0.0,18,Saludable
383,1862953.67,0.0,1862953.67,721472.02,754639.17,1476111.19,218237.77,168604.71,1231519.21,905,1.171,3.873,4.051,1.71,1,Saludable
384,575087.8,150988.21,726076.01,432977.43,254051.02,687028.45,235167.62,-196120.06,0.0,-2.701,3.239,5.963,3.499,0.0,25,En Observación
385,1452762.14,0.0,1452762.14,308504.27,431820.28,740324.55,18372.63,694064.96,12879530.17,4.778,126,2.124,2.972,41.75,8,Saludable
386,588809.64,0.0,588809.64,98415.28,185722.13,284137.41,246734.02,57938.21,614702.84,984,419,1.671,3.154,6.25,28,En Riesgo
387,597252.8,0.0,597252.8,282842.53,171012.81,453855.34,40900.78,102496.68,1842331.68,1.716,685,4.736,2.863,6.51,22,Saludable
388,1359633.7,53732.41,1413366.11,473083.19,303706.26,776789.45,214242.8,422333.86,1156529.87,2.988,1.516,3.347,2.149,2.44,34,Saludable
389,318297.64,0.0,318297.64,228593.25,76654.61,305247.86,436.03,12613.75,2085.5,396,14,7.182,2.408,0.01,26,Saludable
390,2240756.55,0.0,2240756.55,672087.3,752838.61,1424925.91,217126.22,598704.42,10309839.17,2.672,969,2.999,336,15.34,39,Saludable
391,2076664.87,0.0,2076664.87,666206.78,720957.31,1387164.09,251943.68,437557.1,3983310.69,2.107,1.213,3.208,3.472,5.98,39,Saludable
392,1296087.91,0.0,1296087.91,577015.24,231037.38,808052.62,395997.27,92038.02,385617.14,71,3.055,4.452,1.783,0.67,28,En Observación
393,1899635.55,90410.22,1990045.77,887854.41,371671.18,1259525.59,93007.78,637512.4,10847704.32,3.204,467,4.461,1.868,12.22,9,Saludable
394,423284.36,0.0,423284.36,81622.27,100766.53,182388.8,116924.22,123971.34,539591.98,2.929,2.762,1.928,2.381,6.61,15,En Observación
395,1146555.38,0.0,1146555.38,342014.39,513443.74,855458.13,298446.55,-7349.3,0.0,-64,2.603,2.983,4.478,0.0,19,En Observación
396,2359673.54,436942.25,2796615.79,1669117.48,754616.37,2423733.85,51237.43,321644.51,542833.95,115,183,5.968,2.698,0.33,7,Saludable
397,819124.84,0.0,819124.84,130274.13,301238.2,431512.33,295517.58,92094.93,1775621.25,1.124,3.608,159,3.678,13.63,38,En Riesgo
398,640982.27,0.0,640982.27,191803.27,160224.85,352028.12,128685.73,160268.42,214806.87,0.25,2.008,2.992,0.25,1.12,9,En Observación
399,1842921.91,0.0,1842921.91,415572.39,263666.57,679238.96,494426.97,669255.98,5006749.4,3.631,2.683,2.255,1.431,12.05,24,En Observación
400,1087968.49,539197.83,1627166.32,717875.32,366112.42,1083987.74,71932.45,471246.13,5657217.93,2.896,442,4.412,225,7.88,17,Saludable
401,2208856.05,0.0,2208856.05,1471841.45,252113.01,1723954.46,175980.92,308920.67,5041424.87,1.399,797,6.663,1.141,3.43,32,Saludable
402,1133895.85,11231.91,1145127.76,760476.57,412711.63,1173188.2,41016.17,-69076.61,0.0,-603,358,6.641,3.604,0.0,31,Saludable
403,1984615.01,169877.45,2154492.46,852926.33,385243.98,1238170.31,669927.18,246394.97,519969.35,1.144,3.109,3.959,1.788,0.61,6,En Observación
404,1367814.63,342607.31,1710421.94,1114818.33,535650.28,1650468.61,134906.46,-74953.13,0.0,-438,789,6.518,3.132,0.0,13,Saludable
405,1742648.6,0.0,1742648.6,1131408.71,413397.47,1544806.18,846699.56,-648857.14,0.0,-3.723,4.859,6.492,2.372,0.0,3,En Riesgo
406,2112014.53,24391.89,2136406.42,410687.55,366525.77,777213.32,628291.52,730901.58,6582170.7,3.421,2.941,1.922,1.716,16.03,33,En Observación
407,1745128.33,0.0,1745128.33,1253878.21,477064.67,1730942.88,457077.48,-442892.03,0.0,-2.538,2.619,7.185,2.734,0.0,27,En Observación
408,2242212.84,108237.92,2350450.76,918871.83,434845.49,1353717.32,55767.9,940965.54,12728934.15,4.003,237,3.909,185,13.85,20,Saludable
409,2158678.83,0.0,2158678.83,1143979.96,821295.24,1965275.2,104734.0,88669.63,1703939.7,411,485,5.299,3.805,1.49,23,Saludable
410,2415633.91,0.0,2415633.91,937880.34,822584.49,1760464.83,1037278.85,-382109.77,0.0,-1.582,4.294,3.883,3.405,0.0,14,En Riesgo
411,772610.19,462913.84,1235524.03,884646.01,468183.28,1352829.29,280081.84,-397387.1,0.0,-3.216,2.267,716,3.789,0.0,9,En Observación
412,604498.03,349293.42,953791.45,276405.41,357127.84,633533.25,200267.34,119990.86,3168181.41,1.258,0.21,2.898,3.744,11.46,11,En Observación
413,1374208.08,0.0,1374208.08,785646.77,519184.2,1304830.97,338519.94,-269142.83,0.0,-1.959,2.463,5.717,3.778,0.0,21,En Observación
414,1065446.46,0.0,1065446.46,426085.92,423123.35,849209.27,196050.3,20186.89,8307.0,189,184,3.999,3.971,0.02,24,Saludable
415,419081.49,0.0,419081.49,143154.01,115651.89,258805.9,106725.51,53550.08,2257159.52,1.278,2.547,3.416,276,15.77,38,En Observación
416,1565560.68,259161.4,1824722.08,1134650.47,199268.7,1333919.17,92012.02,398790.89,2482811.15,2.185,504,6.218,1.092,2.19,27,Saludable
417,2002415.3,80922.46,2083337.76,1011622.37,510718.67,1522341.04,373781.83,187214.89,604901.97,899,1.794,4.856,2.451,0.6,27,Saludable
418,1011505.61,0.0,1011505.61,206101.14,322365.85,528466.99,204573.14,278465.48,139372.97,2.753,2.022,2.038,3.187,0.68,22,En Observación
419,1655686.19,0.0,1655686.19,687649.63,179356.16,867005.79,11145.47,777534.93,22641330.87,4.696,67,4.153,1.083,32.93,7,Saludable
420,1927079.59,372601.47,2299681.06,548718.27,880727.03,1429445.3,99237.59,770998.17,7829851.15,3.353,432,2.386,383,14.27,34,Saludable
421,766125.69,0.0,766125.69,459838.67,206486.21,666324.88,228953.08,-129152.27,0.0,-1.686,2.988,6.002,2.695,0.0,33,En Observación
422,395660.42,170408.12,566068.54,352951.15,168227.59,521178.74,4507.48,40382.32,420797.91,713,8,6.235,2.972,1.19,23,Saludable
423,2201421.0,520446.27,2721867.27,1468846.65,387777.48,1856624.13,155432.72,709810.42,17240724.07,2.608,571,5.396,1.425,11.74,11,Saludable
424,737525.44,0.0,737525.44,358741.61,247061.93,605803.54,4397.76,127324.14,1080030.31,1.726,6,4.864,335,03.01,22,Saludable
425,1081831.89,597596.65,1679428.54,1237995.27,269298.57,1507293.84,666384.9,-494250.2,0.0,-2.943,3.968,7.372,1.604,0.0,17,En Riesgo
426,796281.93,235707.96,1031989.89,239789.46,352895.0,592684.46,259751.07,179554.36,2200206.19,174,2.517,2.324,342,9.18,27,En Observación
427,2435181.78,0.0,2435181.78,846398.18,649934.19,1496332.37,415896.12,522953.29,9387944.79,2.147,1.708,3.476,2.669,11.09,33,Saludable
428,2301037.97,0.0,2301037.97,1600144.7,823817.61,2423962.31,226502.13,-349426.47,0.0,-1.519,984,6.954,358,0.0,11,Saludable
429,998714.7,0.0,998714.7,585494.22,355716.21,941210.43,131850.1,-74345.83,0.0,-744,132,5.862,3.562,0.0,17,Saludable
430,634305.52,78927.53,713233.05,118196.22,316948.1,435144.32,171775.53,106313.2,285876.88,1.491,2.408,1.657,4.444,2.42,5,En Observación
431,1813910.83,0.0,1813910.83,818789.83,529452.83,1348242.66,193730.88,271937.29,638016.44,1.499,1.068,4.514,2.919,0.78,2,Saludable
432,1198896.15,0.0,1198896.15,845534.76,515620.32,1361155.08,40022.91,-202281.84,0.0,-1.687,334,7.053,4.301,0.0,28,Saludable
433,2207683.81,0.0,2207683.81,761512.66,514430.0,1275942.66,465225.24,466515.91,3715439.17,2.113,2.107,3.449,233,4.88,39,En Observación
434,2366106.09,0.0,2366106.09,1116081.91,725347.64,1841429.55,249900.75,274775.79,9464277.63,1.161,1.056,4.717,3.066,8.48,15,Saludable
435,1441145.84,441102.05,1882247.89,912176.05,482703.74,1394879.79,178055.54,309312.56,3543416.67,1.643,946,4.846,2.565,3.88,29,Saludable
436,666270.52,551419.69,1217690.21,686742.91,501043.31,1187786.22,84674.33,-54770.34,0.0,-45,695,564,4.115,0.0,34,Saludable
437,597674.68,0.0,597674.68,251341.04,72648.21,323989.25,52922.49,220762.94,1833578.45,3.694,885,4.205,1.216,7.3,10,Saludable
438,1880424.38,68498.96,1948923.34,817844.34,380385.7,1198230.04,153131.97,597561.33,13092599.04,3.066,786,4.196,1.952,16.01,24,Saludable
439,396593.38,201115.88,597709.26,402128.77,236136.39,638265.16,14535.46,-55091.36,0.0,-922,243,6.728,3.951,0.0,28,Saludable
440,935317.18,539125.15,1474442.33,1070828.97,75805.74,1146634.71,169279.8,158527.82,3903953.31,1.075,1.148,7.263,514,3.65,31,Saludable
441,823332.38,0.0,823332.38,358501.31,176242.98,534744.29,9806.5,278781.59,4987203.05,3.386,119,4.354,2.141,13.91,13,Saludable
442,407621.36,391966.13,799587.49,137555.14,313063.86,450619.0,299533.78,49434.71,58922.38,618,3.746,172,3.915,0.43,11,En Riesgo
443,654937.5,396554.77,1051492.27,599253.95,293274.9,892528.85,88668.75,70294.67,89940.76,669,843,5.699,2.789,0.15,20,Saludable
444,1110852.74,40600.01,1151452.75,467943.84,311109.21,779053.05,50577.45,321822.25,4715112.72,2.795,439,4.064,2.702,10.08,13,Saludable
445,1646518.24,437837.11,2084355.35,1099262.25,927279.06,2026541.31,1111947.13,-1054133.09,0.0,-5.057,5.335,5.274,4.449,0.0,20,En Riesgo
446,871252.09,0.0,871252.09,456489.47,366659.6,823149.07,80280.21,-32177.19,0.0,-369,921,5.239,4.208,0.0,14,Saludable
447,1858891.55,0.0,1858891.55,280596.98,110780.12,391377.1,311715.4,1155799.05,27959245.23,6.218,1.677,1.509,596,99.64,21,Saludable
448,1069230.1,0.0,1069230.1,296607.38,327448.86,624056.24,110668.05,334505.81,6559087.85,3.128,1.035,2.774,3.062,22.11,7,Saludable
449,1808838.74,434637.99,2243476.73,1165701.55,138303.5,1304005.05,447746.86,491724.82,16502288.56,2.192,1.996,5.196,616,14.16,8,Saludable
450,1359290.15,0.0,1359290.15,931433.18,359922.39,1291355.57,363743.81,-295809.23,0.0,-2.176,2.676,6.852,2.648,0.0,20,En Observación
451,1521389.86,346438.59,1867828.45,651931.11,777903.07,1429834.18,298725.46,139268.81,1084373.94,746,1.599,349,4.165,1.66,34,Saludable
452,2153292.7,0.0,2153292.7,826304.03,620313.56,1446617.59,279258.49,427416.62,327272.61,1.985,1.297,3.837,2.881,0.4,31,Saludable
453,2229507.21,497674.48,2727181.69,904271.33,709176.78,1613448.11,71593.73,1042139.85,2624418.21,3.821,263,3.316,0.26,2.9,30,Saludable
454,2290902.76,204069.54,2494972.3,1097995.31,996870.27,2094865.58,116150.46,283956.26,7676831.5,1.138,466,4.401,3.996,6.99,8,Saludable
455,751411.64,232552.93,983964.57,658160.24,94789.63,752949.87,503820.37,-272805.67,0.0,-2.773,512,6.689,963,0.0,6,En Riesgo
456,1445270.97,0.0,1445270.97,487762.3,406155.73,893918.03,67669.66,483683.28,2828820.03,3.347,468,3.375,281,5.8,28,Saludable
457,1776472.89,94497.61,1870970.5,409136.79,810727.48,1219864.27,157056.49,494049.74,5538945.56,2.641,839,2.187,4.333,13.54,18,Saludable
458,1562982.47,186826.54,1749809.01,1199224.37,465853.12,1665077.49,13314.17,71417.35,372314.67,408,76,6.853,2.662,0.31,25,Saludable
459,693762.59,0.0,693762.59,350803.64,266730.74,617534.38,168200.87,-91972.66,0.0,-1.326,2.424,5.057,3.845,0.0,34,En Observación
460,472800.34,0.0,472800.34,287773.22,131020.41,418793.63,6589.62,47417.09,466249.82,1.003,139,6.087,2.771,1.62,29,Saludable
461,1335200.92,0.0,1335200.92,315418.53,545136.29,860554.82,461763.57,12882.53,164642.24,96,3.458,2.362,4.083,0.52,20,En Observación
462,1297222.75,285200.62,1582423.37,571040.41,371073.02,942113.43,40542.05,599767.89,2302034.95,379,256,3.609,2.345,04.03,6,Saludable
463,1016913.4,0.0,1016913.4,636037.19,267548.11,903585.3,61139.35,52188.75,1180979.78,513,601,6.255,2.631,1.86,21,Saludable
464,758123.92,0.0,758123.92,309836.98,335153.01,644989.99,64502.46,48631.47,1131773.85,641,851,4.087,4.421,3.65,36,Saludable
465,2140846.03,357645.3,2498491.33,862546.31,222519.54,1085065.85,490217.39,923208.09,19064196.36,3.695,1.962,3.452,891,22.1,24,Saludable
466,1020298.13,0.0,1020298.13,190682.84,139826.46,330509.3,241928.18,447860.65,10922160.96,439,2.371,1.869,137,57.28,28,En Observación
467,1468762.81,346758.85,1815521.66,485470.44,585699.48,1071169.92,86218.5,658133.24,15449675.28,3.625,475,2.674,3.226,31.82,22,Saludable
468,2478636.36,0.0,2478636.36,1281193.39,629993.89,1911187.28,782264.18,-214815.1,0.0,-867,3.156,5.169,2.542,0.0,35,En Observación
469,2105657.22,516748.7,2622405.92,1755458.93,377879.43,2133338.36,276226.62,212840.94,2311462.53,812,1.053,6.694,1.441,1.32,11,Saludable
470,1344717.11,230757.03,1575474.14,1110219.65,608109.5,1718329.15,36456.62,-179311.63,0.0,-1.138,231,7.047,386,0.0,31,Saludable
471,1747438.73,0.0,1747438.73,404471.69,183285.54,587757.23,487575.45,672106.05,19379077.4,3.846,279,2.315,1.049,47.91,29,En Observación
472,1420712.81,0.0,1420712.81,596738.39,272951.45,869689.84,341945.67,209077.3,1339246.79,1.472,2.407,0.42,1.921,2.24,26,En Observación
473,2338441.79,0.0,2338441.79,397715.46,152340.16,550055.62,1040763.73,747622.44,2062552.18,3.197,4.451,1.701,651,5.19,33,En Riesgo
474,2463874.02,0.0,2463874.02,1521003.37,581411.52,2102414.89,28914.03,332545.1,10338658.39,135,117,6.173,236,6.8,4,Saludable
475,1804962.84,0.0,1804962.84,898469.1,532853.27,1431322.37,244640.68,128999.79,3435886.99,715,1.355,4.978,2.952,3.82,21,Saludable
476,1226235.44,0.0,1226235.44,771221.08,203166.83,974387.91,353682.69,-101835.16,0.0,-83,2.884,6.289,1.657,0.0,30,En Observación
477,1571910.39,0.0,1571910.39,854792.19,262039.48,1116831.67,173864.31,281214.41,782323.34,1.789,1.106,5.438,1.667,0.92,16,Saludable
478,591585.28,514715.03,1106300.31,175372.72,104677.87,280050.59,28976.3,797273.42,12407738.8,7.207,262,1.585,946,70.75,15,Saludable
479,1366820.73,0.0,1366820.73,911954.62,255785.74,1167740.36,17304.25,181776.12,3875811.14,133,127,6.672,1.871,4.25,24,Saludable
480,823484.37,0.0,823484.37,438542.32,110629.11,549171.43,166147.32,108165.62,203634.53,1.314,2.018,5.325,1.343,0.46,25,En Observación
481,1347710.27,0.0,1347710.27,968937.73,564668.63,1533606.36,47236.16,-233132.25,0.0,-173,35,719,419,0.0,18,Saludable
482,2339889.56,0.0,2339889.56,1303543.22,1017161.9,2320705.12,365379.94,-346195.5,0.0,-148,1.562,5.571,4.347,0.0,17,Saludable
483,1036928.29,58966.07,1095894.36,594638.82,226260.0,820898.82,287522.83,-12527.29,0.0,-114,2.624,5.426,2.065,0.0,11,En Observación
484,989193.62,5085.7,994279.32,189679.83,213272.42,402952.25,251378.6,339948.47,1019270.06,3.419,2.528,1.908,2.145,5.37,39,En Observación
485,502270.82,0.0,502270.82,273216.9,192964.24,466181.14,71610.43,-35520.75,0.0,-707,1.426,544,3.842,0.0,36,Saludable
486,2067040.14,66507.05,2133547.19,555912.35,358067.78,913980.13,881925.07,337641.99,8631563.22,1.583,4.134,2.606,1.678,15.53,20,En Riesgo
487,866140.51,0.0,866140.51,274023.03,64921.52,338944.55,259317.09,267878.87,621938.34,3.093,2.994,3.164,75,2.27,12,En Observación
488,1642664.15,295234.38,1937898.53,457971.08,692765.64,1150736.72,477693.39,309468.42,420730.41,1.597,2.465,2.363,3.575,0.92,36,En Observación
489,1900599.33,0.0,1900599.33,306488.51,473402.33,779890.84,186125.31,934583.18,3044420.64,4.917,979,1.613,2.491,9.93,25,Saludable
490,1564208.55,0.0,1564208.55,1116761.44,385220.43,1501981.87,432671.62,-370444.94,0.0,-2.368,2.766,7.139,2.463,0.0,30,En Observación
491,566648.03,0.0,566648.03,422130.59,103909.58,526040.17,89688.6,-49080.74,0.0,-866,1.583,745,1.834,0.0,21,Saludable
492,477004.93,0.0,477004.93,290927.62,147450.35,438377.97,12637.17,25989.79,720635.97,545,265,6.099,3.091,2.48,40,Saludable
493,1815453.68,0.0,1815453.68,1236557.23,408828.37,1645385.6,556148.17,-386080.09,0.0,-2.127,3.063,6.811,2.252,0.0,34,En Observación
494,1715496.8,0.0,1715496.8,1250549.66,642815.92,1893365.58,248723.23,-426592.01,0.0,-2.487,145,729,3.747,0.0,13,Saludable
495,2075628.15,0.0,2075628.15,882188.08,666756.37,1548944.45,923315.01,-396631.31,0.0,-1.911,4.448,425,3.212,0.0,1,En Riesgo
496,1336683.2,0.0,1336683.2,237235.89,441798.83,679034.72,26173.14,631475.34,12820890.67,4.724,196,1.775,3.305,54.04,10,Saludable
497,2137774.75,490482.24,2628256.99,574294.68,756914.26,1331208.94,242704.5,1054343.55,30589682.45,4.012,923,2.185,288,53.26,25,Saludable
498,1013316.87,0.0,1013316.87,502179.78,106329.12,608508.9,272547.03,132260.94,652837.68,1.305,269,4.956,1.049,1.3,9,En Observación
499,1966610.19,221956.41,2188566.6,544961.13,322721.31,867682.44,372068.65,948815.51,5678379.47,4.335,0.17,249,1.475,10.42,31,Saludable
500,477589.74,555682.17,1033271.91,593144.31,297057.62,890201.93,43975.78,99094.2,194097.52,959,426,574,2.875,0.33,17,Saludable