id_cliente,ingreso_mensual_fijo,ingreso_mensual_variable,ingreso_mensual,gastos_esenciales_mensuales,gastos_no_escenciales_mensuales,gastos_totales_del_mes,cuotas_mensuales_deuda,ahorro_mensual,ahorro_previo,ahorro_total,ratio_ahorro_neto,ratio_endeudamiento_dti,gastos_esenciales_ratio,gastos_estilo_vida_ratio,meses_supervivencia,frecuencia_transacciones_ocio,perfil_financiero,modalidad_pago_tarjeta
USR_001,797.605,67.505,865.110,376.588,56.854,433.442,0,431.668,0,431.668,"49,90%","0,00%","43,53%","6,57%","1,146260635",4,Saludable,sin_deuda
USR_002,2.488.088,0,2.488.088,1.670.088,787.114,3.200.089,742.887,-1.454.888,0,-1.454.888,"-58,47%","29,86%","67,12%","31,64%","-0,6029436691",5,En Riesgo,parcial
USR_003,1.528.752,0,1.528.752,595.978,275.333,1.371.314,500.003,-342.565,73.844,-268.721,"-22,41%","32,71%","38,98%","18,01%","-0,2451876447",7,En Riesgo,total
USR_004,1.205.284,0,1.205.284,541.012,225.822,1.302.660,535.826,-633.202,1.522.322,889.120,"-52,54%","44,46%","44,89%","18,74%","0,825676657",8,En Riesgo,total
USR_005,507.043,0,507.043,239.746,159.208,398.954,0,108.089,199.361,307.450,"21,32%","0,00%","47,28%","31,40%","1,282398872",8,Saludable,sin_deuda
USR_006,485.547,29.409,514.956,244.996,191.280,599.103,162.827,-246.974,0,-246.974,"-47,96%","31,62%","47,58%","37,14%","-0,6055911511",8,En Riesgo,total
USR_007,547.007,486.900,1.033.907,563.661,395.805,1.040.357,80.891,-87.341,696.811,609.470,"-8,45%","7,82%","54,52%","38,28%","0,9455714977",7,En Riesgo,total
USR_008,2.032.844,24.142,2.056.986,1.393.053,518.346,1.911.399,0,145.587,835.514,981.101,"7,08%","0,00%","67,72%","25,20%","0,7042811724",9,En Observación,sin_deuda
USR_009,1.177.532,0,1.177.532,466.629,206.059,1.094.478,421.790,-338.736,1.457.073,1.118.337,"-28,77%","35,82%","39,63%","17,50%","1,258794555",9,En Riesgo,parcial
USR_010,1.484.349,0,1.484.349,517.445,483.367,1.201.899,201.087,81.363,0,81.363,"5,48%","13,55%","34,86%","32,56%","0,1132350403",10,En Observación,parcial
USR_011,0,486.900,486.900,172.384,0,172.384,0,314.516,977.751,1.292.267,"64,60%","0,00%","35,40%","0,00%","7,496443986",4,Saludable,sin_deuda
USR_012,2.455.713,104.632,2.560.345,1.676.437,633.496,2.711.685,401.752,-553.092,70.601,-482.491,"-21,60%","15,69%","65,48%","24,74%","-0,2321689702",5,En Riesgo,total
USR_013,1.506.178,0,1.506.178,840.936,264.338,1.105.274,0,400.904,610.459,1.011.363,"26,62%","0,00%","55,83%","17,55%","1,202663461",10,Saludable,sin_deuda
USR_014,799.407,10.415,809.822,335.560,226.605,649.185,87.020,73.617,677.355,750.972,"9,09%","10,75%","41,44%","27,98%","1,777112026",13,En Observación,total
USR_015,520.340,0,520.340,325.930,69.798,395.728,0,124.612,566.172,690.784,"23,95%","0,00%","62,64%","13,41%","2,119424416",13,Saludable,sin_deuda
USR_016,500.990,0,500.990,322.912,58.645,608.966,227.409,-335.385,145.387,-189.998,"-66,94%","45,39%","64,45%","11,71%","-0,345249409",7,En Riesgo,parcial
USR_017,825.672,342.497,1.168.169,745.999,433.839,1.476.004,296.166,-604.001,1.031.954,427.953,"-51,70%","25,35%","63,86%","37,14%","0,4106384306",8,En Riesgo,total
USR_018,1.215.545,0,1.215.545,811.462,104.089,1.029.764,114.213,71.568,0,71.568,"5,89%","9,40%","66,76%","8,56%","0,0773143922",6,En Observación,parcial
USR_019,834.791,31.736,866.527,347.388,196.776,544.164,0,322.363,27.563,349.926,"37,20%","0,00%","40,09%","22,71%","1,007305952",10,Saludable,sin_deuda
USR_020,808.141,5.585,813.726,489.877,103.586,593.463,0,220.263,0,220.263,"27,07%","0,00%","60,20%","12,73%","0,4496291926",8,Saludable,sin_deuda
USR_021,1.173.793,0,1.173.793,568.369,74.683,867.715,224.663,81.415,322.632,404.047,"6,94%","19,14%","48,42%","6,36%","0,5094964642",5,En Observación,total
USR_022,506.570,0,506.570,322.583,31.715,562.455,208.157,-264.042,945.562,681.520,"-52,12%","41,09%","63,68%","6,26%","1,284093907",10,En Riesgo,parcial
USR_023,845.084,0,845.084,499.780,94.081,872.532,278.671,-306.119,241.765,-64.354,"-36,22%","32,98%","59,14%","11,13%","-0,08266930096",13,En Riesgo,total
USR_024,787.892,224.100,1.011.992,617.901,357.607,1.378.403,402.895,-769.306,92.129,-677.177,"-76,02%","39,81%","61,06%","35,34%","-0,663381322",3,En Riesgo,total
USR_025,1.151.015,0,1.151.015,647.405,171.349,975.261,156.507,19.247,0,19.247,"1,67%","13,60%","56,25%","14,89%","0,02394167521",10,En Observación,parcial
USR_026,1.511.813,111.474,1.623.287,602.193,621.168,1.223.361,0,399.926,398.044,797.970,"24,64%","0,00%","37,10%","38,27%","1,325106735",1,Saludable,sin_deuda
USR_027,477.712,87.177,564.889,292.619,143.238,435.857,0,129.032,104.864,233.896,"22,84%","0,00%","51,80%","25,36%","0,7993192513",5,Saludable,sin_deuda
USR_028,1.158.415,76.815,1.235.230,857.086,250.523,1.107.609,0,127.621,0,127.621,"10,33%","0,00%","69,39%","20,28%","0,1489010438",10,En Observación,sin_deuda
USR_029,1.212.292,0,1.212.292,818.243,306.748,1.124.991,0,87.301,357.813,445.114,"7,20%","0,00%","67,50%","25,30%","0,543987544",13,En Observación,sin_deuda
USR_030,0,25.305,25.305,124.601,5.842,134.549,4.106,-113.350,0,-113.350,"-447,94%","16,23%","492,40%","23,09%","-0,8806824804",11,En Riesgo,total
USR_031,1.154.158,30.121,1.184.279,433.358,373.725,966.672,159.589,58.018,308.926,366.944,"4,90%","13,48%","36,59%","31,56%","0,6188478903",6,En Observación,total
USR_032,512.680,0,512.680,180.818,76.325,306.085,48.942,157.653,882.196,1.039.849,"30,75%","9,55%","35,27%","14,89%","4,525805188",9,Saludable,total
USR_033,470.309,0,470.309,277.667,81.630,359.297,0,111.012,0,111.012,"23,60%","0,00%","59,04%","17,36%","0,3998026413",11,Saludable,sin_deuda
USR_034,1.956.970,70.095,2.027.065,1.271.201,735.689,2.006.890,0,20.175,617.885,638.060,"1,00%","0,00%","62,71%","36,29%","0,5019347845",8,En Observación,sin_deuda
USR_035,2.522.474,0,2.522.474,972.173,961.718,1.933.891,0,588.583,0,588.583,"23,33%","0,00%","38,54%","38,13%","0,6054303092",6,Saludable,sin_deuda
USR_036,1.536.704,154.923,1.691.627,849.774,613.038,1.462.812,0,228.815,0,228.815,"13,53%","0,00%","50,23%","36,24%","0,2692657106",4,En Observación,sin_deuda
USR_037,796.540,0,796.540,506.823,156.764,927.229,263.642,-394.331,0,-394.331,"-49,51%","33,10%","63,63%","19,68%","-0,5118091023",10,En Riesgo,total
USR_038,470.384,0,470.384,278.994,151.994,430.988,0,39.396,597.051,636.447,"8,38%","0,00%","59,31%","32,31%","2,281221102",13,En Observación,sin_deuda
USR_039,1.168.017,25.468,1.193.485,616.906,258.649,1.339.836,464.281,-610.632,225.479,-385.153,"-51,16%","38,90%","51,69%","21,67%","-0,3562316232",6,En Riesgo,total
USR_040,825.880,0,825.880,442.787,185.112,627.899,0,197.981,1.057.139,1.255.120,"23,97%","0,00%","53,61%","22,41%","2,834590898",6,Saludable,sin_deuda
USR_041,458.702,0,458.702,230.885,55.796,329.735,43.054,85.913,0,85.913,"18,73%","9,39%","50,33%","12,16%","0,3136209156",8,Saludable,total
USR_042,1.150.384,0,1.150.384,482.033,295.529,828.400,50.838,271.146,0,271.146,"23,57%","4,42%","41,90%","25,69%","0,5088398505",8,Saludable,total
USR_043,0,486.900,486.900,259.676,0,259.676,0,227.224,261.937,489.161,"46,67%","0,00%","53,33%","0,00%","1,883735886",10,Saludable,sin_deuda
USR_044,1.990.943,0,1.990.943,1.145.895,330.591,1.843.165,366.679,-218.901,1.087.449,868.548,"-10,99%","18,42%","57,56%","16,60%","0,5742185176",7,En Riesgo,total
USR_045,797.926,0,797.926,518.117,278.684,969.291,172.490,-343.855,24.173,-319.682,"-43,09%","21,62%","64,93%","34,93%","-0,4629000285",8,En Riesgo,parcial
USR_046,1.179.189,2.986,1.182.175,655.536,144.789,818.737,18.412,345.026,0,345.026,"29,19%","1,56%","55,45%","12,25%","0,5119475093",8,Saludable,total
USR_047,762.763,0,762.763,461.051,57.135,518.186,0,244.577,568.410,812.987,"32,06%","0,00%","60,44%","7,49%","1,763334208",13,Saludable,sin_deuda
USR_048,1.168.384,241.353,1.409.737,513.185,104.536,641.458,23.737,744.542,498.989,1.243.531,"52,81%","1,68%","36,40%","7,42%","2,316036594",8,Saludable,total
USR_049,1.210.100,0,1.210.100,586.442,458.960,1.577.353,531.951,-899.204,157.739,-741.465,"-74,31%","43,96%","48,46%","37,93%","-0,6629735701",6,En Riesgo,parcial
USR_050,548.142,158.655,706.797,214.677,160.741,461.434,86.016,159.347,143.036,302.383,"22,54%","12,17%","30,37%","22,74%","1,00562035",9,Saludable,total
USR_051,2.459.860,0,2.459.860,980.676,475.477,2.141.639,685.486,-367.265,0,-367.265,"-14,93%","27,87%","39,87%","19,33%","-0,2204257449",6,En Riesgo,total
USR_052,1.530.642,15.711,1.546.353,913.252,516.184,1.459.574,30.138,56.641,177.105,233.746,"3,66%","1,95%","59,06%","33,38%","0,2477723953",7,En Observación,total
USR_053,2.000.612,0,2.000.612,1.393.874,685.288,2.746.213,667.051,-1.412.652,746.952,-665.700,"-70,61%","33,34%","69,67%","34,25%","-0,3230102988",6,En Riesgo,total
USR_054,1.973.574,0,1.973.574,670.366,328.140,1.317.265,318.759,337.550,249.714,587.264,"17,10%","16,15%","33,97%","16,63%","0,5937207128",12,Saludable,total
USR_055,1.173.524,0,1.173.524,540.522,343.568,1.410.955,526.865,-764.296,74.978,-689.318,"-65,13%","44,90%","46,06%","29,28%","-0,6457995085",4,En Riesgo,total
USR_056,2.019.172,0,2.019.172,1.251.944,645.919,2.794.495,896.632,-1.671.955,5.387,-1.666.568,"-82,80%","44,41%","62,00%","31,99%","-0,7756616475",7,En Riesgo,total
USR_057,460.916,0,460.916,175.892,128.654,379.512,74.966,6.438,392.913,399.351,"1,40%","16,26%","38,16%","27,91%","1,59194046",6,En Observación,total
USR_058,454.809,0,454.809,237.426,46.872,489.181,204.883,-239.255,0,-239.255,"-52,61%","45,05%","52,20%","10,31%","-0,5409227486",10,En Riesgo,total
USR_059,0,34.409,34.409,169.175,12.269,198.582,17.138,-181.311,230.333,49.022,"-526,93%","49,81%","491,66%","35,66%","0,2631163687",3,En Riesgo,total
USR_060,803.330,0,803.330,438.935,191.741,630.676,0,172.654,220.955,393.609,"21,49%","0,00%","54,64%","23,87%","0,8967364188",7,Saludable,sin_deuda
USR_061,763.456,0,763.456,286.456,113.652,722.619,322.511,-281.674,210.867,-70.807,"-36,89%","42,24%","37,52%","14,89%","-0,1162739524",6,En Riesgo,total
USR_062,806.397,1.963,808.360,357.419,160.726,618.789,100.644,88.927,367.551,456.478,"11,00%","12,45%","44,22%","19,88%","0,9965397773",7,En Observación,parcial
USR_063,1.488.765,13.408,1.502.173,921.608,94.862,1.449.623,433.153,-380.603,0,-380.603,"-25,34%","28,84%","61,35%","6,31%","-0,2809373757",5,En Riesgo,total
USR_064,784.816,0,784.816,409.431,74.364,510.187,26.392,248.237,1.059.776,1.308.013,"31,63%","3,36%","52,17%","9,48%","3,001248213",10,Saludable,total
USR_065,795.106,0,795.106,240.195,252.797,492.992,0,302.114,352.125,654.239,"38,00%","0,00%","30,21%","31,79%","2,72378276",8,Saludable,sin_deuda
USR_066,1.203.932,0,1.203.932,727.652,60.202,1.389.153,601.299,-786.520,0,-786.520,"-65,33%","49,94%","60,44%","5,00%","-0,5918352144",6,En Riesgo,total
USR_067,467.100,131.215,598.315,187.945,117.149,305.094,0,293.221,74.466,367.687,"49,01%","0,00%","31,41%","19,58%","1,956354253",7,Saludable,sin_deuda
USR_068,1.507.091,82.078,1.589.169,950.790,370.083,1.915.368,594.495,-920.694,0,-920.694,"-57,94%","37,41%","59,83%","23,29%","-0,5958085402",6,En Riesgo,total
USR_069,471.949,0,471.949,179.809,32.622,402.783,190.352,-121.186,143.823,22.637,"-25,68%","40,33%","38,10%","6,91%","0,06115447062",14,En Riesgo,total
USR_070,2.520.080,255.104,2.775.184,1.896.087,1.083.924,4.170.597,1.190.586,-2.585.999,38.097,-2.547.902,"-93,18%","42,90%","68,32%","39,06%","-0,825452518",9,En Riesgo,total
USR_071,1.487.744,62.741,1.550.485,693.340,200.236,893.576,0,656.909,544.053,1.200.962,"42,37%","0,00%","44,72%","12,91%","1,732140076",7,Saludable,sin_deuda
USR_072,495.543,0,495.543,213.466,77.537,350.839,59.836,84.868,452.387,537.255,"17,13%","12,07%","43,08%","15,65%","1,96579242",8,Saludable,parcial
USR_073,42.193,71.631,113.824,190.800,17.800,208.600,0,-94.776,268.196,173.420,"-83,27%","0,00%","167,63%","15,64%","0,9089098532",8,En Riesgo,sin_deuda
USR_074,1.486.187,0,1.486.187,627.530,194.164,821.694,0,664.493,274.257,938.750,"44,71%","0,00%","42,22%","13,06%","1,495944417",12,Saludable,sin_deuda
USR_075,1.457.239,0,1.457.239,948.168,73.614,1.021.782,0,435.457,768.707,1.204.164,"29,88%","0,00%","65,07%","5,05%","1,269990128",10,Saludable,sin_deuda
USR_076,1.464.489,0,1.464.489,1.022.995,447.066,1.470.061,0,-5.572,108.899,103.327,"-0,38%","0,00%","69,85%","30,53%","0,1010044037",11,En Riesgo,sin_deuda
USR_077,1.508.017,0,1.508.017,674.572,585.708,1.532.045,271.765,-295.793,858.103,562.310,"-19,61%","18,02%","44,73%","38,84%","0,5941963592",9,En Riesgo,total
USR_078,511.877,0,511.877,245.416,65.778,511.783,200.589,-200.495,0,-200.495,"-39,17%","39,19%","47,94%","12,85%","-0,4495353191",5,En Riesgo,parcial
USR_079,793.125,85.939,879.064,517.618,247.955,765.573,0,113.491,271.476,384.967,"12,91%","0,00%","58,88%","28,21%","0,7437280002",6,En Observación,sin_deuda
USR_080,499.922,0,499.922,327.188,154.808,560.178,78.182,-138.438,0,-138.438,"-27,69%","15,64%","65,45%","30,97%","-0,3415102252",8,En Riesgo,total
USR_081,2.044.074,0,2.044.074,1.098.113,709.189,1.807.302,0,236.772,148.292,385.064,"11,58%","0,00%","53,72%","34,69%","0,3506597226",6,En Observación,sin_deuda
USR_082,1.182.049,0,1.182.049,539.736,233.951,910.815,137.128,134.106,697.394,831.500,"11,35%","11,60%","45,66%","19,79%","1,228459484",10,En Observación,total
USR_083,787.131,22.643,809.774,376.584,126.346,508.753,5.823,295.198,359.617,654.815,"36,45%","0,72%","46,50%","15,60%","1,712350977",10,Saludable,total
USR_084,492.944,0,492.944,285.044,80.770,554.206,188.392,-249.654,193.460,-56.194,"-50,65%","38,22%","57,82%","16,39%","-0,1186939734",7,En Riesgo,total
USR_085,823.963,0,823.963,248.250,246.709,751.930,256.971,-184.938,453.232,268.294,"-22,44%","31,19%","30,13%","29,94%","0,5310428506",8,En Riesgo,total
USR_086,774.285,0,774.285,424.181,260.061,979.362,295.120,-500.197,2.728.592,2.228.395,"-64,60%","38,12%","54,78%","33,59%","3,098000698",12,En Riesgo,total
USR_087,1.487.626,0,1.487.626,657.824,168.942,826.766,0,660.860,0,660.860,"44,42%","0,00%","44,22%","11,36%","1,004615216",8,Saludable,sin_deuda
USR_088,1.192.808,83.063,1.275.871,788.079,229.439,1.551.546,534.028,-809.703,0,-809.703,"-63,46%","41,86%","61,77%","17,98%","-0,6124337894",8,En Riesgo,total
USR_089,2.038.464,3.409,2.041.873,688.512,746.670,1.435.182,0,606.691,0,606.691,"29,71%","0,00%","33,72%","36,57%","0,8811625651",12,Saludable,sin_deuda
USR_090,1.203.871,0,1.203.871,644.409,400.098,1.383.635,339.128,-518.892,28.144,-490.748,"-43,10%","28,17%","53,53%","33,23%","-0,4989624183",5,En Riesgo,parcial
USR_091,469.198,117.013,586.211,288.644,231.378,703.100,183.078,-299.967,0,-299.967,"-51,17%","31,23%","49,24%","39,47%","-0,6358978381",6,En Riesgo,parcial
USR_092,1.469.758,150.555,1.620.313,902.401,508.757,2.111.484,700.326,-1.191.497,271.240,-920.257,"-73,53%","43,22%","55,69%","31,40%","-0,5741820035",9,En Riesgo,total
USR_093,1.465.254,44.738,1.509.992,492.169,283.302,775.471,0,734.521,123.997,858.518,"48,64%","0,00%","32,59%","18,76%","1,744356105",8,Saludable,sin_deuda
USR_094,1.194.238,0,1.194.238,635.327,306.589,1.288.813,346.897,-441.472,0,-441.472,"-36,97%","29,05%","53,20%","25,67%","-0,4494616299",13,En Riesgo,total
USR_095,1.451.252,0,1.451.252,761.318,408.317,1.169.635,0,281.617,1.232.561,1.514.178,"19,41%","0,00%","52,46%","28,14%","1,988890319",5,Saludable,sin_deuda
USR_096,1.189.764,0,1.189.764,623.750,92.159,1.166.074,450.165,-426.475,928.563,502.088,"-35,85%","37,84%","52,43%","7,75%","0,4675304843",8,En Riesgo,total
USR_097,1.227.709,111.884,1.339.593,725.249,322.271,1.047.520,0,292.073,0,292.073,"21,80%","0,00%","54,14%","24,06%","0,4027209965",4,Saludable,sin_deuda
USR_098,787.441,0,787.441,449.304,234.864,684.168,0,103.273,91.850,195.123,"13,12%","0,00%","57,06%","29,83%","0,4342783505",3,En Observación,sin_deuda
USR_099,42.234,0,42.234,177.896,4.585,190.700,8.219,-156.685,64.123,-92.562,"-370,99%","19,46%","421,22%","10,86%","-0,4973376676",13,En Riesgo,total
USR_100,503.682,0,503.682,205.466,162.801,425.907,57.640,20.135,34.999,55.134,"4,00%","11,44%","40,79%","32,32%","0,2095505234",6,En Observación,total
USR_101,9.494,368.533,378.027,238.164,96.140,334.304,0,43.723,643.730,687.453,"11,57%","0,00%","63,00%","25,43%","2,886468988",7,En Observación,sin_deuda
USR_102,1.231.317,0,1.231.317,614.799,471.936,1.086.735,0,144.582,1.321.187,1.465.769,"11,74%","0,00%","49,93%","38,33%","2,384143435",10,En Observación,sin_deuda
USR_103,815.215,128.886,944.101,312.331,61.223,812.155,438.601,-306.655,281.530,-25.125,"-32,48%","46,46%","33,08%","6,48%","-0,03345842233",7,En Riesgo,total
USR_104,1.228.587,48.042,1.276.629,412.888,182.385,813.516,218.243,244.870,0,244.870,"19,18%","17,10%","32,34%","14,29%","0,3879860124",8,Saludable,total
USR_105,1.956.949,0,1.956.949,848.720,509.871,1.874.910,516.319,-434.280,359.123,-75.157,"-22,19%","26,38%","43,37%","26,05%","-0,05505850016",8,En Riesgo,total
USR_106,805.393,158.083,963.476,591.535,148.179,739.714,0,223.762,214.494,438.256,"23,22%","0,00%","61,40%","15,38%","0,7408792379",7,Saludable,sin_deuda
USR_107,823.553,0,823.553,480.191,247.106,727.297,0,96.256,0,96.256,"11,69%","0,00%","58,31%","30,00%","0,2004535695",8,En Observación,sin_deuda
USR_108,1.456.941,34.680,1.491.621,918.012,470.833,1.388.845,0,102.776,485.546,588.322,"6,89%","0,00%","61,54%","31,57%","0,640865261",8,En Observación,sin_deuda
USR_109,775.934,0,775.934,393.327,66.638,459.965,0,315.969,634.199,950.168,"40,72%","0,00%","50,69%","8,59%","2,415720253",9,Saludable,sin_deuda
USR_110,473.386,22.081,495.467,235.882,113.883,549.045,199.280,-252.858,58.606,-194.252,"-51,03%","40,22%","47,61%","22,98%","-0,44639008",6,En Riesgo,parcial
USR_111,811.886,345.416,1.157.302,415.449,263.994,1.093.236,413.793,-349.727,18.120,-331.607,"-30,22%","35,75%","35,90%","22,81%","-0,3998917083",8,En Riesgo,parcial
USR_112,525.745,310.590,836.335,360.692,149.912,510.604,0,325.731,2.586.310,2.912.041,"38,95%","0,00%","43,13%","17,92%","8,073483748",11,Saludable,sin_deuda
USR_113,2.033.251,136.477,2.169.728,1.027.600,816.954,1.844.554,0,325.174,132.457,457.631,"14,99%","0,00%","47,36%","37,65%","0,4453396263",12,En Observación,sin_deuda
USR_114,1.544.456,0,1.544.456,518.073,524.539,1.042.612,0,501.844,27.667,529.511,"32,49%","0,00%","33,54%","33,96%","1,02207797",7,Saludable,sin_deuda
USR_115,1.203.413,164.060,1.367.473,530.914,402.069,1.394.359,461.376,-488.262,105.284,-382.978,"-35,71%","33,74%","38,82%","29,40%","-0,3859537031",9,En Riesgo,parcial
USR_116,2.006.800,28.923,2.035.723,1.097.845,610.746,2.398.224,689.633,-1.052.134,19.869,-1.032.265,"-51,68%","33,88%","53,93%","30,00%","-0,5774980168",6,En Riesgo,total
USR_117,1.547.239,0,1.547.239,919.470,327.397,1.246.867,0,300.372,248.635,549.007,"19,41%","0,00%","59,43%","21,16%","0,5970907153",9,Saludable,sin_deuda
USR_118,492.318,0,492.318,344.297,183.314,527.611,0,-35.293,810.760,775.467,"-7,17%","0,00%","69,93%","37,23%","2,252319945",5,En Riesgo,sin_deuda
USR_119,2.020.173,72.467,2.092.640,1.408.860,613.370,2.197.339,175.109,-279.808,208.701,-71.107,"-13,37%","8,37%","67,32%","29,31%","-0,04489166139",13,En Riesgo,total
USR_120,1.220.390,109.758,1.330.148,740.927,405.886,1.479.589,332.776,-482.217,293.658,-188.559,"-36,25%","25,02%","55,70%","30,51%","-0,1756156032",12,En Riesgo,total
USR_121,1.502.329,7.216,1.509.545,707.221,530.744,1.759.425,521.460,-771.340,562.869,-208.471,"-51,10%","34,54%","46,85%","35,16%","-0,1696705654",8,En Riesgo,total
USR_122,1.993.088,0,1.993.088,1.105.109,290.841,1.395.950,0,597.138,0,597.138,"29,96%","0,00%","55,45%","14,59%","0,5403430793",8,Saludable,sin_deuda
USR_123,789.811,200.931,990.742,608.574,329.397,937.971,0,52.771,988.246,1.041.017,"5,33%","0,00%","61,43%","33,25%","1,710584087",5,En Observación,sin_deuda
USR_124,505.479,0,505.479,175.570,59.815,304.961,69.576,130.942,1.005.091,1.136.033,"25,90%","13,76%","34,73%","11,83%","4,634107838",9,Saludable,total
USR_125,835.392,138.630,974.022,451.909,166.431,618.340,0,355.682,0,355.682,"36,52%","0,00%","46,40%","17,09%","0,7870655375",3,Saludable,sin_deuda
USR_126,837.369,0,837.369,532.500,140.229,672.729,0,164.640,752.643,917.283,"19,66%","0,00%","63,59%","16,75%","1,722597183",8,Saludable,sin_deuda
USR_127,1.469.963,73.971,1.543.934,700.225,605.969,1.768.835,462.641,-687.542,308.773,-378.769,"-44,53%","29,97%","45,35%","39,25%","-0,3257202464",10,En Riesgo,parcial
USR_128,2.005.123,51.098,2.056.221,1.087.225,719.241,1.806.466,0,249.755,2.247.734,2.497.489,"12,15%","0,00%","52,87%","34,98%","2,297122491",8,En Observación,sin_deuda
USR_129,42.705,0,42.705,140.262,12.615,167.933,15.056,-140.284,0,-140.284,"-328,50%","35,26%","328,44%","29,54%","-0,9032050374",13,En Riesgo,total
USR_130,1.223.477,190.435,1.413.912,528.507,430.494,959.001,0,454.911,2.167.417,2.622.328,"32,17%","0,00%","37,38%","30,45%","4,96176588",3,Saludable,sin_deuda
USR_131,764.388,0,764.388,340.072,188.594,528.666,0,235.722,702.370,938.092,"30,84%","0,00%","44,49%","24,67%","2,758509963",9,Saludable,sin_deuda
USR_132,755.569,125.347,880.916,382.145,336.053,1.087.023,368.825,-574.932,0,-574.932,"-65,27%","41,87%","43,38%","38,15%","-0,7655858423",4,En Riesgo,total
USR_133,519.836,96.954,616.790,191.500,137.970,329.470,0,287.320,386.523,673.843,"46,58%","0,00%","31,05%","22,37%","3,518762402",12,Saludable,sin_deuda
USR_134,786.586,0,786.586,243.587,144.088,395.205,7.530,383.851,2.422.707,2.806.558,"48,80%","0,96%","30,97%","18,32%","11,17629631",8,Saludable,total
USR_135,1.962.015,414.288,2.376.303,1.503.437,254.413,2.683.542,925.692,-1.232.931,0,-1.232.931,"-51,88%","38,96%","63,27%","10,71%","-0,5075609406",6,En Riesgo,total
USR_136,795.002,197.836,992.838,406.297,322.843,729.140,0,263.698,51.220,314.918,"26,56%","0,00%","40,92%","32,52%","0,7750930969",8,Saludable,sin_deuda
USR_137,1.156.254,0,1.156.254,586.488,355.034,1.346.003,404.481,-594.230,612.721,18.491,"-51,39%","34,98%","50,72%","30,71%","0,01865951407",8,En Riesgo,total
USR_138,1.467.144,0,1.467.144,615.453,270.724,886.177,0,580.967,212.003,792.970,"39,60%","0,00%","41,95%","18,45%","1,288433073",7,Saludable,sin_deuda
USR_139,774.214,45.625,819.839,554.434,48.221,931.743,329.088,-440.992,0,-440.992,"-53,79%","40,14%","67,63%","5,88%","-0,4991296199",9,En Riesgo,total
USR_140,2.530.719,135.609,2.666.328,1.076.446,916.281,1.992.727,0,673.601,0,673.601,"25,26%","0,00%","40,37%","34,36%","0,6257638562",9,Saludable,sin_deuda
USR_141,2.521.774,7.919,2.529.693,1.193.668,136.594,2.008.138,677.876,-156.321,0,-156.321,"-6,18%","26,80%","47,19%","5,40%","-0,08352515356",6,En Riesgo,total
USR_142,756.090,102.886,858.976,557.555,254.510,812.065,0,46.911,854.268,901.179,"5,46%","0,00%","64,91%","29,63%","1,616305118",5,En Observación,sin_deuda
USR_143,1.161.637,0,1.161.637,739.700,452.562,1.425.686,233.424,-497.473,205.740,-291.733,"-42,83%","20,09%","63,68%","38,96%","-0,2997901603",7,En Riesgo,total
USR_144,772.415,61.025,833.440,312.074,169.340,545.460,64.046,223.934,0,223.934,"26,87%","7,68%","37,44%","20,32%","0,5953791343",8,Saludable,parcial
USR_145,774.071,0,774.071,480.742,102.364,804.725,221.619,-252.273,0,-252.273,"-32,59%","28,63%","62,11%","13,22%","-0,3591785421",8,En Riesgo,total
USR_146,8.243,0,8.243,288.808,2.446,291.254,0,-283.011,183.954,-99.057,"-3433,35%","0,00%","3503,68%","29,67%","-0,3429856514",7,En Riesgo,sin_deuda
USR_147,1.191.240,0,1.191.240,587.505,400.251,987.756,0,203.484,137.986,341.470,"17,08%","0,00%","49,32%","33,60%","0,5812205854",8,Saludable,sin_deuda
USR_148,1.233.807,0,1.233.807,436.018,297.657,1.093.447,359.772,-219.412,133.004,-86.408,"-17,78%","29,16%","35,34%","24,13%","-0,1085814097",5,En Riesgo,parcial
USR_149,483.434,0,483.434,160.616,187.796,491.712,143.300,-151.578,35.311,-116.267,"-31,35%","29,64%","33,22%","38,85%","-0,382562945",12,En Riesgo,total
USR_150,819.724,0,819.724,484.601,55.810,540.411,0,279.313,103.589,382.902,"34,07%","0,00%","59,12%","6,81%","0,7901386914",7,Saludable,sin_deuda
USR_151,2.025.697,85.594,2.111.291,1.052.657,478.584,1.586.123,54.882,470.286,0,470.286,"22,27%","2,60%","49,86%","22,67%","0,4246225189",10,Saludable,total
USR_152,778.732,0,778.732,369.695,234.756,604.451,0,174.281,172.205,346.486,"22,38%","0,00%","47,47%","30,15%","0,9372212229",5,Saludable,sin_deuda
USR_153,461.314,0,461.314,273.007,162.348,533.000,97.645,-169.331,270.123,100.792,"-36,71%","21,17%","59,18%","35,19%","0,2719316232",8,En Riesgo,total
USR_154,1.173.954,0,1.173.954,711.657,132.351,844.008,0,329.946,236.498,566.444,"28,11%","0,00%","60,62%","11,27%","0,7959508583",6,Saludable,sin_deuda
USR_155,2.507.108,0,2.507.108,911.492,827.349,1.738.841,0,768.267,1.043.354,1.811.621,"30,64%","0,00%","36,36%","33,00%","1,987533626",6,Saludable,sin_deuda
USR_156,837.044,0,837.044,455.427,203.776,1.027.910,368.707,-559.573,0,-559.573,"-66,85%","44,05%","54,41%","24,34%","-0,6789830295",11,En Riesgo,total
USR_157,1.237.505,0,1.237.505,438.252,233.633,671.885,0,565.620,0,565.620,"45,71%","0,00%","35,41%","18,88%","1,29062731",10,Saludable,sin_deuda
USR_158,1.486.668,67.171,1.553.839,933.158,149.324,1.594.507,512.025,-552.693,200.355,-352.338,"-35,57%","32,95%","60,05%","9,61%","-0,24380165",9,En Riesgo,total
USR_159,773.061,14.408,787.469,443.173,277.861,804.203,83.169,-99.903,0,-99.903,"-12,69%","10,56%","56,28%","35,29%","-0,1898062476",9,En Riesgo,parcial
USR_160,1.529.252,373.905,1.903.157,1.299.182,199.918,1.499.100,0,404.057,0,404.057,"21,23%","0,00%","68,26%","10,50%","0,3110087732",9,Saludable,sin_deuda
USR_161,789.749,0,789.749,258.709,125.117,383.826,0,405.923,0,405.923,"51,40%","0,00%","32,76%","15,84%","1,569033161",5,Saludable,sin_deuda
USR_162,1.166.907,0,1.166.907,376.703,176.805,668.246,114.738,383.923,0,383.923,"32,90%","9,83%","32,28%","15,15%","0,7812189052",11,Saludable,parcial
USR_163,1.168.777,88.590,1.257.367,519.135,446.359,965.494,0,291.873,176.958,468.831,"23,21%","0,00%","41,29%","35,50%","0,9031003496",7,Saludable,sin_deuda
USR_164,1.243.229,0,1.243.229,503.113,354.875,1.036.093,178.105,29.031,0,29.031,"2,34%","14,33%","40,47%","28,54%","0,04261631372",6,En Observación,total
USR_165,501.745,0,501.745,200.092,164.993,566.445,201.360,-266.060,89.735,-176.325,"-53,03%","40,13%","39,88%","32,88%","-0,4392181382",5,En Riesgo,total
USR_166,1.541.865,0,1.541.865,1.021.488,212.259,2.002.550,768.803,-1.229.488,764.301,-465.187,"-79,74%","49,86%","66,25%","13,77%","-0,2598387636",10,En Riesgo,parcial
USR_167,831.818,0,831.818,332.576,223.514,556.090,0,275.728,65.338,341.066,"33,15%","0,00%","39,98%","26,87%","1,025528",8,Saludable,sin_deuda
USR_168,473.624,0,473.624,193.608,118.459,312.067,0,161.557,0,161.557,"34,11%","0,00%","40,88%","25,01%","0,8344541548",10,Saludable,sin_deuda
USR_169,0,486.900,486.900,121.853,0,121.853,0,365.047,66.107,431.154,"74,97%","0,00%","25,03%","0,00%","3,538312557",9,Saludable,sin_deuda
USR_170,1.160.488,0,1.160.488,556.913,426.051,982.964,0,177.524,0,177.524,"15,30%","0,00%","47,99%","36,71%","0,3187643312",10,Saludable,sin_deuda
USR_171,1.172.574,0,1.172.574,716.072,63.618,1.052.319,272.629,-152.374,1.200.813,1.048.439,"-12,99%","23,25%","61,07%","5,43%","1,060420693",9,En Riesgo,total
USR_172,0,43.086,43.086,269.394,12.319,299.968,18.255,-275.137,105.440,-169.697,"-638,58%","42,37%","625,25%","28,59%","-0,5899446895",9,En Riesgo,total
USR_173,1.193.221,100.833,1.294.054,640.594,88.180,728.774,0,565.280,860.884,1.426.164,"43,68%","0,00%","49,50%","6,81%","2,226314951",11,Saludable,sin_deuda
USR_174,760.478,37.502,797.980,250.123,193.191,443.314,0,354.666,393.323,747.989,"44,45%","0,00%","31,34%","24,21%","2,990484682",10,Saludable,sin_deuda
USR_175,1.205.645,659.334,1.864.979,606.232,280.999,887.231,0,977.748,40.527,1.018.275,"52,43%","0,00%","32,51%","15,07%","1,679678737",7,Saludable,sin_deuda
USR_176,469.262,432.520,901.782,597.498,141.915,1.179.186,439.773,-717.177,1.555.551,838.374,"-79,53%","48,77%","66,26%","15,74%","0,8082497245",9,En Riesgo,total
USR_177,1.202.796,0,1.202.796,427.832,208.728,636.560,0,566.236,141.819,708.055,"47,08%","0,00%","35,57%","17,35%","1,654983732",9,Saludable,sin_deuda
USR_178,754.432,0,754.432,387.000,201.775,910.370,321.595,-477.533,981.791,504.258,"-63,30%","42,63%","51,30%","26,75%","0,7116307623",2,En Riesgo,parcial
USR_179,2.045.257,0,2.045.257,949.896,341.389,1.291.285,0,753.972,92.448,846.420,"36,86%","0,00%","46,44%","16,69%","0,8910659693",11,Saludable,sin_deuda
USR_180,514.291,29.873,544.164,238.854,166.756,428.765,23.155,92.244,961.879,1.054.123,"16,95%","4,26%","43,89%","30,64%","4,023232026",9,Saludable,parcial
USR_181,829.104,125.880,954.984,630.226,182.960,997.306,184.120,-226.442,6.659,-219.783,"-23,71%","19,28%","65,99%","19,16%","-0,2698889661",5,En Riesgo,total
USR_182,509.399,0,509.399,157.266,37.657,194.923,0,314.476,358.495,672.971,"61,73%","0,00%","30,87%","7,39%","4,279189399",2,Saludable,sin_deuda
USR_183,2.029.714,5.180,2.034.894,1.150.765,659.949,1.810.714,0,224.180,733.628,957.808,"11,02%","0,00%","56,55%","32,43%","0,8323228461",6,En Observación,sin_deuda
USR_184,2.000.428,0,2.000.428,1.371.009,300.095,1.900.519,229.415,-129.506,1.365.114,1.235.608,"-6,47%","11,47%","68,54%","15,00%","0,7720504066",6,En Riesgo,parcial
USR_185,837.731,52.934,890.665,466.768,179.441,646.209,0,244.456,0,244.456,"27,45%","0,00%","52,41%","20,15%","0,5237205635",6,Saludable,sin_deuda
USR_186,1.150.302,0,1.150.302,776.142,333.479,1.264.085,154.464,-268.247,856.358,588.111,"-23,32%","13,43%","67,47%","28,99%","0,6319656224",8,En Riesgo,parcial
USR_187,1.532.558,0,1.532.558,491.803,254.956,824.136,77.377,631.045,0,631.045,"41,18%","5,05%","32,09%","16,64%","1,108691451",7,Saludable,total
USR_188,1.150.055,0,1.150.055,537.671,80.280,714.263,96.312,339.480,111.084,450.564,"29,52%","8,37%","46,75%","6,98%","0,710687826",7,Saludable,total
USR_189,1.158.717,0,1.158.717,468.195,209.580,763.100,85.325,310.292,0,310.292,"26,78%","7,36%","40,41%","18,09%","0,5605795635",6,Saludable,total
USR_190,778.699,0,778.699,461.246,296.339,757.585,0,21.114,0,21.114,"2,71%","0,00%","59,23%","38,06%","0,04577600673",8,En Observación,sin_deuda
USR_191,523.686,0,523.686,362.662,143.808,506.470,0,17.216,236.648,253.864,"3,29%","0,00%","69,25%","27,46%","0,7000016544",9,En Observación,sin_deuda
USR_192,2.017.661,57.651,2.075.312,835.546,591.501,2.431.250,1.004.203,-1.360.141,249.877,-1.110.264,"-65,54%","48,39%","40,26%","28,50%","-0,6034866713",8,En Riesgo,parcial
USR_193,1.994.247,0,1.994.247,1.120.108,541.037,1.661.145,0,333.102,0,333.102,"16,70%","0,00%","56,17%","27,13%","0,2973838237",7,Saludable,sin_deuda
USR_194,1.166.748,0,1.166.748,442.476,139.598,744.467,162.393,259.888,87.105,346.993,"22,27%","13,92%","37,92%","11,96%","0,5736663641",12,Saludable,total
USR_195,754.621,136.051,890.672,468.611,174.943,643.554,0,247.118,0,247.118,"27,75%","0,00%","52,61%","19,64%","0,527341441",8,Saludable,sin_deuda
USR_196,765.034,39.206,804.240,390.517,251.590,642.107,0,162.133,0,162.133,"20,16%","0,00%","48,56%","31,28%","0,4151752677",6,Saludable,sin_deuda
USR_197,1.455.126,0,1.455.126,1.002.294,124.385,1.344.499,217.820,-107.193,185.755,78.562,"-7,37%","14,97%","68,88%","8,55%","0,06438906528",9,En Riesgo,parcial
USR_198,1.955.122,0,1.955.122,1.062.435,287.889,1.350.324,0,604.798,349.930,954.728,"30,93%","0,00%","54,34%","14,72%","0,898622504",7,Saludable,sin_deuda
USR_199,1.968.030,0,1.968.030,865.545,288.733,1.281.884,127.606,558.540,0,558.540,"28,38%","6,48%","43,98%","14,67%","0,5623918216",8,Saludable,total
USR_200,1.532.838,0,1.532.838,529.808,308.417,1.034.783,196.558,301.497,672.517,974.014,"19,67%","12,82%","34,56%","20,12%","1,340941068",9,Saludable,parcial
USR_201,1.234.717,193.520,1.428.237,514.878,561.481,1.330.099,253.740,-155.602,0,-155.602,"-10,89%","17,77%","36,05%","39,31%","-0,2024438668",7,En Riesgo,total
USR_202,505.658,0,505.658,197.271,37.230,404.906,170.405,-69.653,84.667,15.014,"-13,77%","33,70%","39,01%","7,36%","0,04083486548",7,En Riesgo,total
USR_203,488.638,0,488.638,195.644,113.142,324.072,15.286,149.280,395.982,545.262,"30,55%","3,13%","40,04%","23,15%","2,58503769",6,Saludable,parcial
USR_204,2.017.067,116.314,2.133.381,1.365.890,240.598,1.831.034,224.546,77.801,45.754,123.555,"3,65%","10,53%","64,02%","11,28%","0,07768624453",7,En Observación,parcial
USR_205,1.238.869,0,1.238.869,649.773,482.833,1.132.606,0,106.263,236.896,343.159,"8,58%","0,00%","52,45%","38,97%","0,5281213593",10,En Observación,sin_deuda
USR_206,0,486.900,486.900,269.184,0,269.184,0,217.716,266.805,484.521,"44,71%","0,00%","55,29%","0,00%","1,799962108",10,Saludable,sin_deuda
USR_207,485.854,0,485.854,168.061,92.925,344.224,83.238,58.392,20.313,78.705,"12,02%","17,13%","34,59%","19,13%","0,313192651",7,En Observación,parcial
USR_208,1.196.271,325.704,1.521.975,980.237,469.164,2.107.396,657.995,-1.243.416,0,-1.243.416,"-81,70%","43,23%","64,41%","30,83%","-0,7589987255",10,En Riesgo,total
USR_209,23.688,0,23.688,197.526,7.026,206.387,1.835,-184.534,1.557.815,1.373.281,"-779,02%","7,75%","833,87%","29,66%","6,888413481",6,En Riesgo,parcial
USR_210,488.518,39.782,528.300,172.790,104.580,277.370,0,250.930,1.535.579,1.786.509,"47,50%","0,00%","32,71%","19,80%","10,33919208",8,Saludable,sin_deuda
USR_211,1.160.267,0,1.160.267,676.591,198.735,1.156.423,281.097,-277.253,0,-277.253,"-23,90%","24,23%","58,31%","17,13%","-0,2895024267",7,En Riesgo,total
USR_212,1.240.825,0,1.240.825,642.022,234.720,1.064.367,187.625,-11.167,0,-11.167,"-0,90%","15,12%","51,74%","18,92%","-0,0134599414",7,En Riesgo,total
USR_213,1.151.062,3.225,1.154.287,384.020,164.482,548.502,0,605.785,98.674,704.459,"52,48%","0,00%","33,27%","14,25%","1,834433102",8,Saludable,sin_deuda
USR_214,800.448,311.559,1.112.007,537.456,135.516,1.119.890,446.918,-454.801,248.969,-205.832,"-40,90%","40,19%","48,33%","12,19%","-0,209099387",9,En Riesgo,total
USR_215,1.545.462,112.915,1.658.377,819.037,363.291,1.296.050,113.722,248.605,0,248.605,"14,99%","6,86%","49,39%","21,91%","0,266526509",9,En Observación,total
USR_216,756.229,419.699,1.175.928,430.754,169.318,941.502,341.430,-107.004,0,-107.004,"-9,10%","29,03%","36,63%","14,40%","-0,1385731898",10,En Riesgo,total
USR_217,806.793,240.506,1.047.299,710.361,157.735,1.132.805,264.709,-350.215,720.937,370.722,"-33,44%","25,28%","67,83%","15,06%","0,3802003959",7,En Riesgo,parcial
USR_218,1.497.915,0,1.497.915,958.651,419.213,1.485.773,107.909,-95.767,57.527,-38.240,"-6,39%","7,20%","64,00%","27,99%","-0,03585358536",4,En Riesgo,total
USR_219,1.154.632,0,1.154.632,655.379,449.138,1.104.517,0,50.115,1.988.483,2.038.598,"4,34%","0,00%","56,76%","38,90%","3,110563506",6,En Observación,sin_deuda
USR_220,1.453.596,218.629,1.672.225,810.892,436.907,1.476.593,228.794,-33.162,240.323,207.161,"-1,98%","13,68%","48,49%","26,13%","0,1992534284",7,En Riesgo,parcial
USR_221,1.156.168,0,1.156.168,537.278,88.959,626.237,0,529.931,0,529.931,"45,84%","0,00%","46,47%","7,69%","0,9863255149",6,Saludable,sin_deuda
USR_222,1.157.561,98.053,1.255.614,703.633,95.997,851.281,51.651,352.682,209.725,562.407,"28,09%","4,11%","56,04%","7,65%","0,7446298346",10,Saludable,total
USR_223,523.794,148.130,671.924,348.173,257.346,759.922,154.403,-242.401,493.986,251.585,"-36,08%","22,98%","51,82%","38,30%","0,5005909554",7,En Riesgo,total
USR_224,832.152,0,832.152,270.374,128.194,398.568,0,433.584,106.607,540.191,"52,10%","0,00%","32,49%","15,41%","1,997939891",15,Saludable,sin_deuda
USR_225,776.734,0,776.734,392.251,63.866,456.117,0,320.617,0,320.617,"41,28%","0,00%","50,50%","8,22%","0,8173771386",5,Saludable,sin_deuda
USR_226,756.371,219.330,975.701,607.434,253.356,888.587,27.797,59.317,1.390.828,1.450.145,"6,08%","2,85%","62,26%","25,97%","2,282862455",5,En Observación,total
USR_227,2.476.069,0,2.476.069,1.197.665,664.273,1.861.938,0,614.131,1.248.372,1.862.503,"24,80%","0,00%","48,37%","26,83%","1,555111822",6,Saludable,sin_deuda
USR_228,829.905,82.060,911.965,292.543,252.593,754.173,209.037,-51.245,1.092.263,1.041.018,"-5,62%","22,92%","32,08%","27,70%","2,075477491",8,En Riesgo,parcial
USR_229,1.962.910,0,1.962.910,1.206.230,281.856,1.488.086,0,474.824,490.993,965.817,"24,19%","0,00%","61,45%","14,36%","0,8006905814",13,Saludable,sin_deuda
USR_230,1.223.479,40.924,1.264.403,481.163,69.907,551.070,0,713.333,0,713.333,"56,42%","0,00%","38,05%","5,53%","1,482518398",8,Saludable,sin_deuda
USR_231,1.527.735,0,1.527.735,616.362,592.387,1.718.411,509.662,-700.338,35.768,-664.570,"-45,84%","33,36%","40,34%","38,78%","-0,5901916833",6,En Riesgo,parcial
USR_232,1.231.264,65.688,1.296.952,474.532,178.736,1.157.166,503.898,-364.112,203.826,-160.286,"-28,07%","38,85%","36,59%","13,78%","-0,1638195885",13,En Riesgo,parcial
USR_233,1.173.275,0,1.173.275,506.956,336.271,1.349.028,505.801,-681.554,188.222,-493.332,"-58,09%","43,11%","43,21%","28,66%","-0,4871178377",5,En Riesgo,parcial
USR_234,1.222.274,0,1.222.274,736.665,363.407,1.100.072,0,122.202,504.814,627.016,"10,00%","0,00%","60,27%","29,73%","0,8511548669",7,En Observación,sin_deuda
USR_235,531.449,0,531.449,269.846,140.038,552.850,142.966,-164.367,219.995,55.628,"-30,93%","26,90%","50,78%","26,35%","0,1347538347",6,En Riesgo,total
USR_236,1.510.004,6.451,1.516.455,579.214,241.901,1.458.108,636.993,-578.646,80.382,-498.264,"-38,16%","42,01%","38,20%","15,95%","-0,4096868378",6,En Riesgo,total
USR_237,812.981,2.705,815.686,531.119,118.180,1.052.840,403.541,-640.695,453.749,-186.946,"-78,55%","49,47%","65,11%","14,49%","-0,2000149787",7,En Riesgo,parcial
USR_238,34.659,0,34.659,145.206,8.983,169.604,15.415,-150.360,0,-150.360,"-433,83%","44,48%","418,96%","25,92%","-0,9361166971",8,En Riesgo,total
USR_239,1.204.553,0,1.204.553,780.829,425.368,1.429.923,223.726,-449.096,240.733,-208.363,"-37,28%","18,57%","64,82%","35,31%","-0,2074182101",6,En Riesgo,total
USR_240,498.447,0,498.447,197.145,190.086,435.871,48.640,13.936,70.937,84.873,"2,80%","9,76%","39,55%","38,14%","0,3453139939",9,En Observación,total
USR_241,1.984.529,170.750,2.155.279,1.035.602,187.654,1.223.256,0,932.023,109.506,1.041.529,"43,24%","0,00%","48,05%","8,71%","1,005723241",7,Saludable,sin_deuda
USR_242,2.525.703,36.934,2.562.637,1.778.459,267.001,2.995.739,950.279,-1.383.381,135.565,-1.247.816,"-53,98%","37,08%","69,40%","10,42%","-0,4572868484",6,En Riesgo,total
USR_243,2.026.090,0,2.026.090,1.233.494,771.247,2.004.741,0,21.349,178.264,199.613,"1,05%","0,00%","60,88%","38,07%","0,1618272971",6,En Observación,sin_deuda
USR_244,767.260,0,767.260,238.516,236.153,660.032,185.363,-78.135,514.723,436.588,"-10,18%","24,16%","31,09%","30,78%","1,029982613",6,En Riesgo,total
USR_245,0,0,486.900,277.732,0,277.732,0,209.168,459.329,668.497,"42,96%","0,00%","57,04%","0,00%","2,406985871",5,Saludable,sin_deuda
USR_246,1.978.024,0,1.978.024,960.474,239.185,1.557.092,357.433,63.499,595.495,658.994,"3,21%","18,07%","48,56%","12,09%","0,5000307305",7,En Observación,total
USR_247,808.656,0,808.656,536.695,206.737,1.091.071,347.639,-630.054,225.102,-404.952,"-77,91%","42,99%","66,37%","25,57%","-0,4579174837",4,En Riesgo,total
USR_248,2.477.285,434.334,2.911.619,1.500.883,860.089,2.360.972,0,550.647,0,550.647,"18,91%","0,00%","51,55%","29,54%","0,3668820288",12,Saludable,sin_deuda
USR_249,2.542.436,0,2.542.436,1.268.993,732.321,2.001.314,0,541.122,0,541.122,"21,28%","0,00%","49,91%","28,80%","0,4264184278",6,Saludable,sin_deuda
USR_250,1.951.605,142.559,2.094.164,716.601,403.866,1.120.467,0,973.697,316.535,1.290.232,"46,50%","0,00%","34,22%","19,29%","1,800488696",10,Saludable,sin_deuda
USR_251,821.158,0,821.158,462.075,45.482,820.602,313.045,-312.489,0,-312.489,"-38,05%","38,12%","56,27%","5,54%","-0,4031491898",4,En Riesgo,total
USR_252,822.303,0,822.303,517.098,208.885,777.789,51.806,-7.292,0,-7.292,"-0,89%","6,30%","62,88%","25,40%","-0,01281762828",8,En Riesgo,total
USR_253,1.977.139,39.531,2.016.670,911.874,279.481,1.191.355,0,825.315,58.190,883.505,"40,92%","0,00%","45,22%","13,86%","0,9688893422",2,Saludable,sin_deuda
USR_254,827.149,429.001,1.256.150,766.559,260.763,1.624.901,597.579,-966.330,1.075.722,109.392,"-76,93%","47,57%","61,02%","20,76%","0,08019130029",6,En Riesgo,total
USR_255,506.138,157.322,663.460,454.995,255.534,710.529,0,-47.069,209.982,162.913,"-7,09%","0,00%","68,58%","38,52%","0,3580544841",9,En Riesgo,sin_deuda
USR_256,1.226.125,0,1.226.125,467.775,232.550,1.048.377,348.052,-170.304,575.801,405.497,"-13,89%","28,39%","38,15%","18,97%","0,497037975",6,En Riesgo,parcial
USR_257,1.963.918,0,1.963.918,1.000.286,675.451,2.244.600,568.863,-849.545,12.838,-836.707,"-43,26%","28,97%","50,93%","34,39%","-0,5332234224",10,En Riesgo,total
USR_258,1.235.655,39.335,1.274.990,528.936,147.885,676.821,0,598.169,585.667,1.183.836,"46,92%","0,00%","41,49%","11,60%","2,238146014",6,Saludable,sin_deuda
USR_259,1.177.446,0,1.177.446,726.651,335.997,1.442.224,379.576,-644.354,0,-644.354,"-54,72%","32,24%","61,71%","28,54%","-0,582479003",8,En Riesgo,total
USR_260,463.046,0,463.046,245.895,181.492,427.387,0,35.659,28.677,64.336,"7,70%","0,00%","53,10%","39,20%","0,261640131",3,En Observación,sin_deuda
USR_261,1.174.818,0,1.174.818,650.653,100.638,751.291,0,423.527,470.564,894.091,"36,05%","0,00%","55,38%","8,57%","1,374144129",5,Saludable,sin_deuda
USR_262,2.454.324,0,2.454.324,1.519.633,129.863,1.649.496,0,804.828,137.748,942.576,"32,79%","0,00%","61,92%","5,29%","0,620265551",11,Saludable,sin_deuda
USR_263,526.323,64.646,590.969,270.893,119.230,390.123,0,200.846,244.538,445.384,"33,99%","0,00%","45,84%","20,18%","1,644132554",9,Saludable,sin_deuda
USR_264,1.159.111,0,1.159.111,772.010,95.533,949.390,81.847,127.874,42.007,169.881,"11,03%","7,06%","66,60%","8,24%","0,1989572024",7,En Observación,parcial
USR_265,1.988.110,0,1.988.110,1.020.321,620.160,2.207.965,567.484,-787.339,0,-787.339,"-39,60%","28,54%","51,32%","31,19%","-0,495866306",8,En Riesgo,total
USR_266,1.466.389,0,1.466.389,532.566,542.699,1.211.104,135.839,119.446,176.895,296.341,"8,15%","9,26%","36,32%","37,01%","0,4433554507",4,En Observación,total
USR_267,1.191.427,0,1.191.427,689.073,240.558,929.631,0,261.796,47.023,308.819,"21,97%","0,00%","57,84%","20,19%","0,4481658692",12,Saludable,sin_deuda
USR_268,1.529.579,0,1.529.579,944.216,214.981,1.159.197,0,370.382,1.208.584,1.578.966,"24,21%","0,00%","61,73%","14,05%","1,672250841",11,Saludable,sin_deuda
USR_269,778.746,0,778.746,332.295,157.339,560.826,71.192,146.728,0,146.728,"18,84%","9,14%","42,67%","20,20%","0,3636498822",6,Saludable,parcial
USR_270,837.886,0,837.886,538.653,254.053,1.138.632,345.926,-646.672,330.689,-315.983,"-77,18%","41,29%","64,29%","30,32%","-0,3572128662",9,En Riesgo,total
USR_271,1.450.117,212.971,1.663.088,1.101.725,88.425,1.190.150,0,472.938,65.765,538.703,"28,44%","0,00%","66,25%","5,32%","0,4889632168",14,Saludable,sin_deuda
USR_272,1.534.471,0,1.534.471,630.302,393.299,1.734.923,711.322,-911.774,0,-911.774,"-59,42%","46,36%","41,08%","25,63%","-0,6796047179",8,En Riesgo,parcial
USR_273,1.963.234,0,1.963.234,1.361.323,519.574,2.832.993,952.096,-1.821.855,1.302.248,-519.607,"-92,80%","48,50%","69,34%","26,47%","-0,2246056594",8,En Riesgo,parcial
USR_274,2.003.441,253.787,2.257.228,804.216,616.654,2.065.603,644.733,-453.108,88.186,-364.922,"-20,07%","28,56%","35,63%","27,32%","-0,2518528948",6,En Riesgo,total
USR_275,1.150.846,38.126,1.188.972,452.768,160.164,697.944,85.012,406.016,1.688.238,2.094.254,"34,15%","7,15%","38,08%","13,47%","3,894257875",8,Saludable,total
USR_276,1.160.954,0,1.160.954,433.837,348.192,782.029,0,378.925,115.206,494.131,"32,64%","0,00%","37,37%","29,99%","1,138978464",6,Saludable,sin_deuda
USR_277,1.529.239,0,1.529.239,1.005.621,125.378,1.130.999,0,398.240,676.558,1.074.798,"26,04%","0,00%","65,76%","8,20%","1,06879033",11,Saludable,sin_deuda
USR_278,1.196.514,0,1.196.514,672.102,143.276,1.035.172,219.794,-58.452,395.575,337.123,"-4,89%","18,37%","56,17%","11,97%","0,3779846529",5,En Riesgo,total
USR_279,1.538.236,130.156,1.668.392,602.025,595.807,1.197.832,0,470.560,1.079.150,1.549.710,"28,20%","0,00%","36,08%","35,71%","2,574162203",12,Saludable,sin_deuda
USR_280,1.547.579,14.392,1.561.971,743.700,481.951,1.660.492,434.841,-533.362,0,-533.362,"-34,15%","27,84%","47,61%","30,86%","-0,4525612601",9,En Riesgo,total
USR_281,1.956.469,314.899,2.271.368,1.240.438,124.496,2.324.724,959.790,-1.013.146,382.385,-630.761,"-44,61%","42,26%","54,61%","5,48%","-0,286679835",11,En Riesgo,total
USR_282,780.105,0,780.105,260.076,106.821,366.897,0,413.208,0,413.208,"52,97%","0,00%","33,34%","13,69%","1,588797121",6,Saludable,sin_deuda
USR_283,792.101,20.806,812.907,530.801,101.648,703.628,71.179,38.100,0,38.100,"4,69%","8,76%","65,30%","12,50%","0,06329113924",9,En Observación,total
USR_284,514.323,0,514.323,319.622,74.465,394.087,0,120.236,1.241.389,1.361.625,"23,38%","0,00%","62,14%","14,48%","4,26011038",9,Saludable,sin_deuda
USR_285,1.241.922,0,1.241.922,623.548,169.704,930.177,136.925,174.820,198.628,373.448,"14,08%","11,03%","50,21%","13,66%","0,4910733188",9,En Observación,total
USR_286,8.067,0,8.067,186.763,580,188.223,880,-181.036,232.673,51.637,"-2244,16%","10,91%","2315,15%","7,19%","0,275187457",9,En Riesgo,total
USR_287,1.199.376,248.728,1.448.104,676.416,305.013,1.614.302,632.873,-799.071,713.191,-85.880,"-55,18%","43,70%","46,71%","21,06%","-0,0655928523",7,En Riesgo,total
USR_288,1.195.587,0,1.195.587,829.312,366.396,1.344.958,149.250,-298.621,206.867,-91.754,"-24,98%","12,48%","69,36%","30,65%","-0,0937641151",5,En Riesgo,total
USR_289,786.976,120.062,907.038,514.443,237.967,871.798,119.388,-84.148,0,-84.148,"-9,28%","13,16%","56,72%","26,24%","-0,132760941",2,En Riesgo,total
USR_290,1.217.584,0,1.217.584,674.381,347.626,1.022.405,398,194.781,669.568,864.349,"16,00%","0,03%","55,39%","28,55%","1,280936425",9,Saludable,parcial
USR_291,28.477,0,28.477,237.404,2.233,252.034,12.397,-235.954,454.942,218.988,"-828,58%","43,53%","833,67%","7,84%","0,8766498133",6,En Riesgo,total
USR_292,0,486.900,486.900,198.763,0,198.763,0,288.137,1.063.876,1.352.013,"59,18%","0,00%","40,82%","0,00%","6,802136212",7,Saludable,sin_deuda
USR_293,1.451.828,0,1.451.828,683.805,498.662,1.182.467,0,269.361,25.439,294.800,"18,55%","0,00%","47,10%","34,35%","0,4311170582",4,Saludable,sin_deuda
USR_294,751.917,192.788,944.705,344.717,313.436,658.153,0,286.552,148.572,435.124,"30,33%","0,00%","36,49%","33,18%","1,262264408",9,Saludable,sin_deuda
USR_295,470.618,0,470.618,143.559,159.090,302.649,0,167.969,312.778,480.747,"35,69%","0,00%","30,50%","33,80%","3,348776461",8,Saludable,sin_deuda
USR_296,1.182.254,12.678,1.194.932,626.028,449.831,1.349.692,273.833,-428.593,0,-428.593,"-35,87%","22,92%","52,39%","37,64%","-0,4762880045",10,En Riesgo,total
USR_297,1.497.362,37.304,1.534.666,784.153,369.070,1.422.725,269.502,-157.561,681.104,523.543,"-10,27%","17,56%","51,10%","24,05%","0,4968827557",9,En Riesgo,parcial
USR_298,770.128,172.451,942.579,553.993,113.203,711.392,44.196,186.991,1.257.939,1.444.930,"19,84%","4,69%","58,77%","12,01%","2,415507473",9,Saludable,total
USR_299,1.209.383,0,1.209.383,793.480,321.544,1.115.024,0,94.359,275.624,369.983,"7,80%","0,00%","65,61%","26,59%","0,4662789232",2,En Observación,sin_deuda
USR_300,515.545,0,515.545,171.039,159.823,568.203,237.341,-289.999,0,-289.999,"-56,25%","46,04%","33,18%","31,00%","-0,710120476",6,En Riesgo,total
USR_301,532.180,0,532.180,315.369,164.056,479.425,0,52.755,1.629.208,1.681.963,"9,91%","0,00%","59,26%","30,83%","5,333317479",7,En Observación,sin_deuda
USR_302,1.237.958,98.258,1.336.216,501.034,310.680,1.006.441,194.727,135.048,0,135.048,"10,11%","14,57%","37,50%","23,25%","0,1941011353",7,En Observación,total
USR_303,1.159.865,134.623,1.294.488,832.706,95.741,1.062.777,134.330,97.381,335.740,433.121,"7,52%","10,38%","64,33%","7,40%","0,4478850839",9,En Observación,total
USR_304,1.152.219,0,1.152.219,723.162,207.272,930.434,0,221.785,216.662,438.447,"19,25%","0,00%","62,76%","17,99%","0,6062915363",6,Saludable,sin_deuda
USR_305,1.489.809,64.113,1.553.922,802.317,578.476,1.380.793,0,173.129,0,173.129,"11,14%","0,00%","51,63%","37,23%","0,215786279",6,En Observación,sin_deuda
USR_306,2.455.287,0,2.455.287,1.434.126,625.011,2.059.137,0,396.150,420.772,816.922,"16,13%","0,00%","58,41%","25,46%","0,5696305624",10,Saludable,sin_deuda
USR_307,1.184.387,125.114,1.309.501,557.507,312.206,1.175.023,305.310,-170.832,0,-170.832,"-13,05%","23,31%","42,57%","23,84%","-0,1979933172",10,En Riesgo,total
USR_308,758.512,0,758.512,370.508,109.301,768.262,288.453,-298.203,835.143,536.940,"-39,31%","38,03%","48,85%","14,41%","0,8148281917",12,En Riesgo,total
USR_309,1.451.342,316.337,1.767.679,1.111.260,316.339,1.564.145,136.546,66.988,209.160,276.148,"3,79%","7,72%","62,87%","17,90%","0,2213068378",8,En Observación,total
USR_310,813.076,0,813.076,393.290,295.448,688.738,0,124.338,0,124.338,"15,29%","0,00%","48,37%","36,34%","0,3161483892",5,Saludable,sin_deuda
USR_311,769.216,161.140,930.356,412.259,263.535,875.814,200.020,-145.478,0,-145.478,"-15,64%","21,50%","44,31%","28,33%","-0,2376008323",8,En Riesgo,parcial
USR_312,543.070,285.151,828.221,412.193,269.657,929.037,247.187,-348.003,225.693,-122.310,"-42,02%","29,85%","49,77%","32,56%","-0,1854924323",8,En Riesgo,total
USR_313,29.767,302.943,332.710,210.040,69.543,445.864,166.281,-279.435,0,-279.435,"-83,99%","49,98%","63,13%","20,90%","-0,7425442641",8,En Riesgo,total
USR_314,2.547.829,0,2.547.829,1.105.970,689.408,1.795.378,0,752.451,0,752.451,"29,53%","0,00%","43,41%","27,06%","0,6803538975",14,Saludable,sin_deuda
USR_315,1.476.614,0,1.476.614,545.616,202.199,747.815,0,728.799,488.034,1.216.833,"49,36%","0,00%","36,95%","13,69%","2,230200361",2,Saludable,sin_deuda
USR_316,1.186.258,0,1.186.258,693.730,352.213,1.536.789,490.846,-841.377,676.676,-164.701,"-70,93%","41,38%","58,48%","29,69%","-0,1390379342",7,En Riesgo,parcial
USR_317,843.789,0,843.789,531.917,168.471,700.388,0,143.401,817.627,961.028,"16,99%","0,00%","63,04%","19,97%","1,806725485",7,Saludable,sin_deuda
USR_318,492.078,0,492.078,167.432,100.822,268.254,0,223.824,0,223.824,"45,49%","0,00%","34,03%","20,49%","1,33680539",5,Saludable,sin_deuda
USR_319,533.524,209.583,743.107,294.233,206.036,500.269,0,242.838,0,242.838,"32,68%","0,00%","39,59%","27,73%","0,8253255073",7,Saludable,sin_deuda
USR_320,846.573,0,846.573,302.048,319.749,765.889,144.092,-63.408,0,-63.408,"-7,49%","17,02%","35,68%","37,77%","-0,1421257901",8,En Riesgo,total
USR_321,1.162.219,0,1.162.219,510.419,84.147,891.269,296.703,-25.753,0,-25.753,"-2,22%","25,53%","43,92%","7,24%","-0,03190719619",8,En Riesgo,parcial
USR_322,1.450.235,0,1.450.235,696.316,491.137,1.633.494,446.041,-629.300,560.055,-69.245,"-43,39%","30,76%","48,01%","33,87%","-0,06061590203",12,En Riesgo,total
USR_323,1.192.929,0,1.192.929,715.197,181.724,1.440.065,543.144,-790.280,299.237,-491.043,"-66,25%","45,53%","59,95%","15,23%","-0,3902304701",4,En Riesgo,parcial
USR_324,817.444,262.147,1.079.591,605.067,221.718,1.102.002,275.217,-297.628,0,-297.628,"-27,57%","25,49%","56,05%","20,54%","-0,3381045208",6,En Riesgo,total
USR_325,2.458.567,0,2.458.567,1.348.208,141.785,1.489.993,0,968.574,220.792,1.189.366,"39,40%","0,00%","54,84%","5,77%","0,8821828679",8,Saludable,sin_deuda
USR_326,1.520.792,61.222,1.582.014,697.589,245.791,983.123,39.743,559.148,503.579,1.062.727,"35,34%","2,51%","44,09%","15,54%","1,441314089",9,Saludable,parcial
USR_327,1.215.441,0,1.215.441,773.724,274.594,1.048.318,0,167.123,103.155,270.278,"13,75%","0,00%","63,66%","22,59%","0,3493209465",6,En Observación,sin_deuda
USR_328,1.234.555,26.289,1.260.844,615.941,87.832,1.051.236,347.463,-137.855,691.888,554.033,"-10,93%","27,56%","48,85%","6,97%","0,5750785756",11,En Riesgo,parcial
USR_329,823.698,255.535,1.079.233,746.443,239.464,985.907,0,93.326,394.494,487.820,"8,65%","0,00%","69,16%","22,19%","0,6535261232",6,En Observación,sin_deuda
USR_330,755.415,0,755.415,418.241,282.894,701.135,0,54.280,0,54.280,"7,19%","0,00%","55,37%","37,45%","0,1297816331",9,En Observación,sin_deuda
USR_331,786.159,106.229,892.388,312.787,77.537,390.324,0,502.064,0,502.064,"56,26%","0,00%","35,05%","8,69%","1,605130648",12,Saludable,sin_deuda
USR_332,1.493.925,0,1.493.925,852.241,474.402,1.326.643,0,167.282,690.372,857.654,"11,20%","0,00%","57,05%","31,76%","1,00635149",7,En Observación,sin_deuda
USR_333,0,50.749,50.749,163.125,9.814,172.939,0,-122.190,0,-122.190,"-240,77%","0,00%","321,43%","19,34%","-0,7490574713",14,En Riesgo,sin_deuda
USR_334,537.388,0,537.388,308.746,150.098,458.844,0,78.544,121.693,200.237,"14,62%","0,00%","57,45%","27,93%","0,6485492929",6,En Observación,sin_deuda
USR_335,0,595.975,595.975,195.394,84.082,294.260,14.784,286.931,1.709.750,1.996.681,"48,14%","2,48%","32,79%","14,11%","9,499952421",9,Saludable,total
USR_336,0,149.875,149.875,242.641,15.860,312.801,54.300,-217.226,627.852,410.626,"-144,94%","36,23%","161,90%","10,58%","1,382853833",8,En Riesgo,total
USR_337,2.008.596,45.126,2.053.722,1.319.095,218.027,1.651.712,114.590,287.420,1.574.848,1.862.268,"14,00%","5,58%","64,23%","10,62%","1,298938051",10,En Observación,total
USR_338,1.480.523,150.771,1.631.294,637.627,121.812,1.255.613,496.174,-120.493,278.526,158.033,"-7,39%","30,42%","39,09%","7,47%","0,1393833662",9,En Riesgo,total
USR_339,1.238.861,0,1.238.861,786.449,142.440,1.102.980,174.091,-38.210,322.274,284.064,"-3,08%","14,05%","63,48%","11,50%","0,2957336498",5,En Riesgo,total
USR_340,536.740,0,536.740,220.981,151.617,419.159,46.561,71.020,1.141.172,1.212.192,"13,23%","8,67%","41,17%","28,25%","4,530847493",7,En Observación,total
USR_341,1.165.524,0,1.165.524,649.375,417.947,1.288.627,221.305,-344.408,0,-344.408,"-29,55%","18,99%","55,72%","35,86%","-0,3955620894",10,En Riesgo,total
USR_342,1.169.282,0,1.169.282,675.448,391.644,1.067.092,0,102.190,614.268,716.458,"8,74%","0,00%","57,77%","33,49%","1,060715259",6,En Observación,sin_deuda
USR_343,473.930,116.893,590.823,298.402,171.219,469.621,0,121.202,0,121.202,"20,51%","0,00%","50,51%","28,98%","0,4061701999",7,Saludable,sin_deuda
USR_344,750.077,0,750.077,316.626,66.495,664.689,281.568,-196.180,295.951,99.771,"-26,15%","37,54%","42,21%","8,87%","0,166787029",8,En Riesgo,total
USR_345,770.611,62.753,833.364,320.893,126.018,499.199,52.288,281.877,65.881,347.758,"33,82%","6,27%","38,51%","15,12%","0,9318748811",6,Saludable,total
USR_346,1.166.984,150.205,1.317.189,412.643,208.685,1.130.271,508.943,-322.025,115.323,-206.702,"-24,45%","38,64%","31,33%","15,84%","-0,2242894315",5,En Riesgo,total
USR_347,1.164.060,403.299,1.567.359,660.765,215.488,876.253,0,691.106,472,691.578,"44,09%","0,00%","42,16%","13,75%","1,046632313",7,Saludable,sin_deuda
USR_348,32.985,0,32.985,167.469,7.595,175.064,0,-142.079,20.028,-122.051,"-430,74%","0,00%","507,71%","23,03%","-0,7287975685",4,En Riesgo,sin_deuda
USR_349,834.056,415.238,1.249.294,843.676,296.637,1.493.727,353.414,-597.847,1.892.339,1.294.492,"-47,85%","28,29%","67,53%","23,74%","1,081365645",12,En Riesgo,total
USR_350,1.193.303,174.658,1.367.961,887.098,239.270,1.126.368,0,241.593,0,241.593,"17,66%","0,00%","64,85%","17,49%","0,2723408237",12,Saludable,sin_deuda
USR_351,1.209.207,0,1.209.207,733.294,210.192,1.177.663,234.177,-202.633,544.297,341.664,"-16,76%","19,37%","60,64%","17,38%","0,3531516707",9,En Riesgo,total
USR_352,2.025.046,53.708,2.078.754,1.279.221,706.765,2.054.757,68.771,-44.774,913.485,868.711,"-2,15%","3,31%","61,54%","34,00%","0,6444481866",7,En Riesgo,total
USR_353,1.179.287,184.739,1.364.026,772.030,445.017,1.230.111,13.064,120.851,399.988,520.839,"8,86%","0,96%","56,60%","32,63%","0,6634097318",5,En Observación,total
USR_354,543.709,0,543.709,219.721,85.758,530.264,224.785,-211.340,83.113,-128.227,"-38,87%","41,34%","40,41%","15,77%","-0,2884707968",5,En Riesgo,total
USR_355,489.711,0,489.711,324.619,181.108,634.211,128.484,-272.984,0,-272.984,"-55,74%","26,24%","66,29%","36,98%","-0,6024766996",7,En Riesgo,total
USR_356,1.161.954,0,1.161.954,660.330,445.592,1.556.321,450.399,-844.766,458.460,-386.306,"-72,70%","38,76%","56,83%","38,35%","-0,3477950067",6,En Riesgo,total
USR_357,23.340,0,23.340,192.819,3.836,199.391,2.736,-178.787,656.988,478.201,"-766,01%","11,72%","826,13%","16,44%","2,44535297",7,En Riesgo,parcial
USR_358,1.222.101,0,1.222.101,420.886,212.705,844.455,210.864,166.782,734.287,901.069,"13,65%","17,25%","34,44%","17,40%","1,426306292",9,En Observación,total
USR_359,2.021.520,0,2.021.520,967.949,458.828,1.426.777,0,594.743,0,594.743,"29,42%","0,00%","47,88%","22,70%","0,6144362978",8,Saludable,sin_deuda
USR_360,1.237.062,0,1.237.062,598.915,469.332,1.068.247,0,168.815,426.146,594.961,"13,65%","0,00%","48,41%","37,94%","0,9933980615",6,En Observación,sin_deuda
USR_361,768.574,0,768.574,496.365,274.159,770.524,0,-1.950,209.003,207.053,"-0,25%","0,00%","64,58%","35,67%","0,4171385976",9,En Riesgo,sin_deuda
USR_362,1.159.184,207.735,1.366.919,708.965,117.417,1.464.190,637.808,-735.079,0,-735.079,"-53,78%","46,66%","51,87%","8,59%","-0,5458076454",8,En Riesgo,total
USR_363,1.169.096,0,1.169.096,528.619,219.154,902.968,155.195,110.933,35.448,146.381,"9,49%","13,27%","45,22%","18,75%","0,2140655207",5,En Observación,parcial
USR_364,1.217.728,212.986,1.430.714,988.223,348.636,1.774.274,437.415,-780.975,1.138.446,357.471,"-54,59%","30,57%","69,07%","24,37%","0,2507445789",9,En Riesgo,parcial
USR_365,1.984.016,0,1.984.016,683.073,448.579,1.131.652,0,852.364,63.565,915.929,"42,96%","0,00%","34,43%","22,61%","1,340894751",6,Saludable,sin_deuda
USR_366,761.246,0,761.246,357.039,89.714,446.753,0,314.493,198.632,513.125,"41,31%","0,00%","46,90%","11,79%","1,437167928",8,Saludable,sin_deuda
USR_367,2.495.558,0,2.495.558,790.617,874.907,2.723.777,1.058.253,-1.286.472,845.718,-440.754,"-51,55%","42,41%","31,68%","35,06%","-0,2383910172",6,En Riesgo,parcial
USR_368,1.968.381,0,1.968.381,1.173.080,564.786,1.737.866,0,230.515,454.797,685.312,"11,71%","0,00%","59,60%","28,69%","0,5841988611",7,En Observación,sin_deuda
USR_369,486.455,0,486.455,324.578,166.984,706.783,215.221,-435.549,250.137,-185.412,"-89,54%","44,24%","66,72%","34,33%","-0,3434834077",8,En Riesgo,total
USR_370,542.263,172.468,714.731,294.480,250.561,809.158,264.117,-358.544,0,-358.544,"-50,16%","36,95%","41,20%","35,06%","-0,6418652445",5,En Riesgo,total
USR_371,454.018,0,454.018,292.086,141.619,496.692,62.987,-105.661,0,-105.661,"-23,27%","13,87%","64,33%","31,19%","-0,2975754282",8,En Riesgo,parcial
USR_372,0,47.954,47.954,103.510,9.769,113.279,0,-65.325,207.761,142.436,"-136,22%","0,00%","215,85%","20,37%","1,376060284",5,En Riesgo,sin_deuda
USR_373,517.506,877.729,1.395.235,926.866,367.911,1.294.777,0,100.458,1.018.765,1.119.223,"7,20%","0,00%","66,43%","26,37%","1,207534854",9,En Observación,sin_deuda
USR_374,1.191.157,0,1.191.157,716.582,126.415,842.997,0,348.160,0,348.160,"29,23%","0,00%","60,16%","10,61%","0,4858620507",11,Saludable,sin_deuda
USR_375,504.917,0,504.917,314.040,144.293,639.106,180.773,-314.962,749.840,434.878,"-62,38%","35,80%","62,20%","28,58%","0,878873433",8,En Riesgo,total
USR_376,842.738,26.802,869.540,267.125,98.031,672.211,307.055,-109.726,940.452,830.726,"-12,62%","35,31%","30,72%","11,27%","1,446804138",6,En Riesgo,total
USR_377,1.546.646,0,1.546.646,1.059.645,452.985,1.512.630,0,34.016,0,34.016,"2,20%","0,00%","68,51%","29,29%","0,03210131695",11,En Observación,sin_deuda
USR_378,33.122,0,33.122,100.271,4.318,120.986,16.397,-104.261,281.364,177.103,"-314,78%","49,50%","302,73%","13,04%","1,518008366",7,En Riesgo,parcial
USR_379,1.474.519,37.417,1.511.936,637.886,137.802,1.011.459,235.771,264.706,0,264.706,"17,51%","15,59%","42,19%","9,11%","0,3029861834",10,Saludable,parcial
USR_380,846.809,0,846.809,534.978,91.328,626.306,0,220.503,613.116,833.619,"26,04%","0,00%","63,18%","10,78%","1,558230432",8,Saludable,sin_deuda
USR_381,537.487,171.149,708.636,292.389,35.926,356.285,27.970,324.381,383.233,707.614,"45,78%","3,95%","41,26%","5,07%","2,208815735",9,Saludable,parcial
USR_382,1.206.819,159.419,1.366.238,886.827,412.001,1.601.312,302.484,-537.558,504.372,-33.186,"-39,35%","22,14%","64,91%","30,16%","-0,02790355088",7,En Riesgo,parcial
USR_383,1.230.910,0,1.230.910,424.704,377.077,801.781,0,429.129,0,429.129,"34,86%","0,00%","34,50%","30,63%","1,010419021",7,Saludable,sin_deuda
USR_384,2.021.324,0,2.021.324,1.175.348,465.363,1.640.711,0,380.613,118.967,499.580,"18,83%","0,00%","58,15%","23,02%","0,4250485814",12,Saludable,sin_deuda
USR_385,1.455.408,0,1.455.408,751.397,154.967,1.513.685,607.321,-665.598,21.191,-644.407,"-45,73%","41,73%","51,63%","10,65%","-0,4742757511",3,En Riesgo,parcial
USR_386,1.509.379,0,1.509.379,511.097,119.609,1.336.706,706.000,-533.327,194.354,-338.973,"-35,33%","46,77%","33,86%","7,92%","-0,2785094368",6,En Riesgo,total
USR_387,775.053,0,775.053,307.508,43.942,423.426,71.976,279.651,0,279.651,"36,08%","9,29%","39,68%","5,67%","0,7369243499",9,Saludable,parcial
USR_388,459.446,81.639,541.085,165.010,58.444,324.233,100.779,116.073,975.735,1.091.808,"21,45%","18,63%","30,50%","10,80%","4,107799796",8,Saludable,total
USR_389,1.450.922,0,1.450.922,707.335,524.943,1.905.963,673.685,-1.128.726,549.697,-579.029,"-77,79%","46,43%","48,75%","36,18%","-0,419276332",8,En Riesgo,total
USR_390,1.548.723,0,1.548.723,651.247,208.362,859.609,0,689.114,285.816,974.930,"44,50%","0,00%","42,05%","13,45%","1,497020332",7,Saludable,sin_deuda
USR_391,2.501.356,48.075,2.549.431,1.375.018,443.588,1.936.339,117.733,495.359,1.530.083,2.025.442,"19,43%","4,62%","53,93%","17,40%","1,35685188",9,Saludable,parcial
USR_392,760.789,620.066,1.380.855,578.433,119.956,810.784,112.395,457.676,635.137,1.092.813,"33,14%","8,14%","41,89%","8,69%","1,58188869",11,Saludable,total
USR_393,847.720,78.976,926.696,389.182,118.456,507.638,0,419.058,1.330.811,1.749.869,"45,22%","0,00%","42,00%","12,78%","4,496274237",8,Saludable,sin_deuda
USR_394,1.516.656,0,1.516.656,905.864,351.453,1.371.424,114.107,31.125,0,31.125,"2,05%","7,52%","59,73%","23,17%","0,03051557348",7,En Observación,total
USR_395,794.028,39.196,833.224,266.013,218.899,888.224,403.312,-458.312,149.813,-308.499,"-55,00%","48,40%","31,93%","26,27%","-0,4609106189",8,En Riesgo,total
USR_396,2.014.484,0,2.014.484,1.331.892,273.715,1.605.607,0,408.877,0,408.877,"20,30%","0,00%","66,12%","13,59%","0,3069896058",15,Saludable,sin_deuda
USR_397,1.982.154,0,1.982.154,1.270.373,139.160,1.906.576,497.043,-421.465,647.468,226.003,"-21,26%","25,08%","64,09%","7,02%","0,1278719894",14,En Riesgo,parcial
USR_398,832.870,0,832.870,472.339,155.631,627.970,0,204.900,0,204.900,"24,60%","0,00%","56,71%","18,69%","0,4337986065",10,Saludable,sin_deuda
USR_399,1.452.336,68.955,1.521.291,817.372,200.767,1.018.139,0,503.152,180.324,683.476,"33,07%","0,00%","53,73%","13,20%","0,8361871951",6,Saludable,sin_deuda
USR_400,1.517.779,0,1.517.779,997.061,192.521,1.189.582,0,328.197,0,328.197,"21,62%","0,00%","65,69%","12,68%","0,3291644142",13,Saludable,sin_deuda
USR_401,469.029,0,469.029,175.479,181.023,532.664,176.162,-239.797,415.534,175.737,"-51,13%","37,56%","37,41%","38,60%","0,4997625419",4,En Riesgo,total
USR_402,2.009.201,0,2.009.201,666.226,533.855,1.957.417,757.336,-705.552,458.875,-246.677,"-35,12%","37,69%","33,16%","26,57%","-0,173281529",4,En Riesgo,parcial
USR_403,1.182.265,0,1.182.265,467.945,289.546,757.491,0,424.774,0,424.774,"35,93%","0,00%","39,58%","24,49%","0,9077434314",7,Saludable,sin_deuda
USR_404,1.493.872,304.453,1.798.325,1.111.061,351.611,2.275.838,813.166,-1.290.679,0,-1.290.679,"-71,77%","45,22%","61,78%","19,55%","-0,6707519435",10,En Riesgo,total
USR_405,796.197,224.817,1.021.014,320.464,204.336,524.800,0,496.214,0,496.214,"48,60%","0,00%","31,39%","20,01%","1,548423536",13,Saludable,sin_deuda
USR_406,2.005.180,221.054,2.226.234,1.186.856,532.775,2.562.314,842.683,-1.178.763,1.750.269,571.506,"-52,95%","37,85%","53,31%","23,93%","0,2815939975",6,En Riesgo,parcial
USR_407,773.710,0,773.710,540.185,227.278,788.974,21.511,-36.775,650.299,613.524,"-4,75%","2,78%","69,82%","29,38%","1,092270552",10,En Riesgo,parcial
USR_408,0,486.900,486.900,224.483,0,224.483,0,262.417,1.279.409,1.541.826,"53,90%","0,00%","46,10%","0,00%","6,868341923",5,Saludable,sin_deuda
USR_409,2.021.907,0,2.021.907,1.028.298,222.598,1.465.670,214.774,341.463,0,341.463,"16,89%","10,62%","50,86%","11,01%","0,2746928577",11,Saludable,total
USR_410,521.895,0,521.895,169.854,117.447,287.301,0,234.594,447.897,682.491,"44,95%","0,00%","32,55%","22,50%","4,018103783",6,Saludable,sin_deuda
USR_411,814.435,0,814.435,515.170,158.151,673.321,0,141.114,106.611,247.725,"17,33%","0,00%","63,25%","19,42%","0,4808606868",8,Saludable,sin_deuda
USR_412,2.490.631,380.457,2.871.088,1.549.214,1.018.330,3.145.216,577.672,-851.800,549.335,-302.465,"-29,67%","20,12%","53,96%","35,47%","-0,1422102548",4,En Riesgo,total
USR_413,2.470.103,0,2.470.103,854.589,669.390,2.616.489,1.092.510,-1.238.896,488.259,-750.637,"-50,16%","44,23%","34,60%","27,10%","-0,3855155798",8,En Riesgo,total
USR_414,1.214.772,0,1.214.772,410.038,287.143,697.181,0,517.591,0,517.591,"42,61%","0,00%","33,75%","23,64%","1,26230008",9,Saludable,sin_deuda
USR_415,1.164.382,0,1.164.382,772.976,105.246,878.222,0,286.160,0,286.160,"24,58%","0,00%","66,39%","9,04%","0,3702055433",11,Saludable,sin_deuda
USR_416,834.291,0,834.291,473.610,218.562,692.172,0,142.119,0,142.119,"17,03%","0,00%","56,77%","26,20%","0,3000760119",8,Saludable,sin_deuda
USR_417,753.756,0,753.756,476.159,68.608,805.211,260.444,-311.899,0,-311.899,"-41,38%","34,55%","63,17%","9,10%","-0,4234289027",8,En Riesgo,parcial
USR_418,770.609,173.547,944.156,615.204,158.639,773.843,0,170.313,0,170.313,"18,04%","0,00%","65,16%","16,80%","0,2768398775",9,Saludable,sin_deuda
USR_419,1.166.478,84.398,1.250.876,661.349,125.081,905.645,119.215,226.016,0,226.016,"18,07%","9,53%","52,87%","10,00%","0,2895547322",13,Saludable,total
USR_420,1.489.666,33.570,1.523.236,772.248,445.129,1.357.996,140.619,24.621,817.825,842.446,"1,62%","9,23%","50,70%","29,22%","0,9228573275",10,En Observación,parcial
USR_421,1.525.683,0,1.525.683,720.383,186.421,1.167.778,260.974,96.931,102.760,199.691,"6,35%","17,11%","47,22%","12,22%","0,2034845627",9,En Observación,total
USR_422,1.549.097,0,1.549.097,661.122,289.915,951.037,0,598.060,44.397,642.457,"38,61%","0,00%","42,68%","18,72%","0,9717676919",8,Saludable,sin_deuda
USR_423,521.315,0,521.315,247.019,189.491,653.103,216.593,-348.381,286.569,-61.812,"-66,83%","41,55%","47,38%","36,35%","-0,1333270062",7,En Riesgo,parcial
USR_424,1.227.834,0,1.227.834,748.429,149.195,897.624,0,330.210,536.922,867.132,"26,89%","0,00%","60,96%","12,15%","1,158602887",12,Saludable,sin_deuda
USR_425,464.153,239.596,703.749,380.566,160.266,799.434,258.602,-354.287,0,-354.287,"-50,34%","36,75%","54,08%","22,77%","-0,5542940197",2,En Riesgo,parcial
USR_426,1.226.325,0,1.226.325,805.707,241.273,1.372.848,325.868,-472.391,162.003,-310.388,"-38,52%","26,57%","65,70%","19,67%","-0,2742973289",6,En Riesgo,parcial
USR_427,762.999,0,762.999,364.219,42.990,407.209,0,355.790,0,355.790,"46,63%","0,00%","47,74%","5,63%","0,9768573303",6,Saludable,sin_deuda
USR_428,2.005.318,0,2.005.318,1.088.558,656.672,2.239.360,494.130,-728.172,213.091,-515.081,"-36,31%","24,64%","54,28%","32,75%","-0,3254469611",6,En Riesgo,parcial
USR_429,750.814,0,750.814,414.842,55.685,583.127,112.600,55.087,1.350.545,1.405.632,"7,34%","15,00%","55,25%","7,42%","2,664998237",13,En Observación,total
USR_430,526.077,74.759,600.836,322.456,129.774,631.304,179.074,-209.542,1.279.676,1.070.134,"-34,88%","29,80%","53,67%","21,60%","2,133738759",6,En Riesgo,total
USR_431,540.474,0,540.474,314.044,133.085,447.129,0,93.345,0,93.345,"17,27%","0,00%","58,11%","24,62%","0,2972354192",6,Saludable,sin_deuda
USR_432,1.452.443,0,1.452.443,573.676,392.086,1.085.157,119.395,247.891,0,247.891,"17,07%","8,22%","39,50%","26,99%","0,3576704263",9,Saludable,parcial
USR_433,1.225.993,0,1.225.993,619.060,356.790,1.047.315,71.465,107.213,668.052,775.265,"8,74%","5,83%","50,49%","29,10%","1,122718222",8,En Observación,parcial
USR_434,525.916,0,525.916,179.700,72.916,396.374,143.758,-14.216,0,-14.216,"-2,70%","27,33%","34,17%","13,86%","-0,04395006461",14,En Riesgo,total
USR_435,523.319,295.048,818.367,371.379,43.777,784.409,369.253,-335.295,321.959,-13.336,"-40,97%","45,12%","45,38%","5,35%","-0,01800624332",6,En Riesgo,total
USR_436,1.467.368,227.018,1.694.386,838.834,513.747,1.352.581,0,341.805,204.980,546.785,"20,17%","0,00%","49,51%","30,32%","0,6518393389",4,Saludable,sin_deuda
USR_437,465.328,6.064,471.392,264.399,111.946,549.110,172.765,-250.483,1.266.225,1.015.742,"-53,14%","36,65%","56,09%","23,75%","2,323480433",9,En Riesgo,total
USR_438,1.506.942,98.235,1.605.177,1.091.861,550.000,2.170.495,528.634,-1.093.952,6.038,-1.087.914,"-68,15%","32,93%","68,02%","34,26%","-0,6713467181",7,En Riesgo,total
USR_439,1.541.751,0,1.541.751,832.947,520.319,2.071.379,718.113,-1.247.741,402.391,-845.350,"-80,93%","46,58%","54,03%","33,75%","-0,5450143773",8,En Riesgo,total
USR_440,549.131,41.570,590.701,352.907,203.889,799.273,242.477,-451.049,0,-451.049,"-76,36%","41,05%","59,74%","34,52%","-0,7575766228",8,En Riesgo,total
USR_441,477.306,0,477.306,239.849,104.904,344.753,0,132.553,331.812,464.365,"27,77%","0,00%","50,25%","21,98%","1,936072279",10,Saludable,sin_deuda
USR_442,2.535.451,0,2.535.451,1.403.731,422.837,1.826.568,0,708.883,44.636,753.519,"27,96%","0,00%","55,36%","16,68%","0,5367972924",6,Saludable,sin_deuda
USR_443,789.915,103.639,893.554,293.419,292.233,585.652,0,307.902,1.796.083,2.103.985,"34,46%","0,00%","32,84%","32,70%","7,170582",4,Saludable,sin_deuda
USR_444,787.219,0,787.219,316.270,163.705,479.975,0,307.244,0,307.244,"39,03%","0,00%","40,18%","20,80%","0,9714610934",10,Saludable,sin_deuda
USR_445,1.530.879,181.833,1.712.712,761.714,195.600,1.237.167,279.853,195.692,476.200,671.892,"11,43%","16,34%","44,47%","11,42%","0,6450780411",10,En Observación,parcial
USR_446,2.014.644,0,2.014.644,985.156,703.596,1.688.752,0,325.892,134.993,460.885,"16,18%","0,00%","48,90%","34,92%","0,4678294605",5,Saludable,sin_deuda
USR_447,2.510.279,1.473,2.511.752,799.389,901.458,1.700.847,0,810.905,330.338,1.141.243,"32,28%","0,00%","31,83%","35,89%","1,427644113",7,Saludable,sin_deuda
USR_448,1.503.028,59.281,1.562.309,556.197,333.097,1.514.984,625.690,-578.365,280.314,-298.051,"-37,02%","40,05%","35,60%","21,32%","-0,2521823152",8,En Riesgo,total
USR_449,750.126,109.382,859.508,353.022,65.748,463.660,44.890,350.958,0,350.958,"40,83%","5,22%","41,07%","7,65%","0,881999035",4,Saludable,total
USR_450,502.329,13.795,516.124,355.410,95.864,600.139,148.865,-232.880,56.114,-176.766,"-45,12%","28,84%","68,86%","18,57%","-0,3505349264",7,En Riesgo,total
USR_451,1.477.632,64.762,1.542.394,667.145,510.900,1.535.866,357.821,-351.293,908.454,557.161,"-22,78%","23,20%","43,25%","33,12%","0,5435897386",12,En Riesgo,total
USR_452,1.215.310,0,1.215.310,598.925,444.343,1.043.268,0,172.042,137.100,309.142,"14,16%","0,00%","49,28%","36,56%","0,5161614559",8,En Observación,sin_deuda
USR_453,805.176,0,805.176,304.710,97.600,797.075,394.765,-386.664,108.431,-278.233,"-48,02%","49,03%","37,84%","12,12%","-0,3977740448",6,En Riesgo,parcial
USR_454,2.036.066,0,2.036.066,1.108.255,149.530,1.476.352,218.567,341.147,0,341.147,"16,76%","10,73%","54,43%","7,34%","0,2571158754",5,Saludable,parcial
USR_455,494.327,21.358,515.685,212.603,184.137,396.740,0,118.945,732.122,851.067,"23,07%","0,00%","41,23%","35,71%","4,00308086",8,Saludable,sin_deuda
USR_456,1.218.904,0,1.218.904,466.593,227.072,1.056.196,362.531,-199.823,31.974,-167.849,"-16,39%","29,74%","38,28%","18,63%","-0,2024413719",9,En Riesgo,total
USR_457,0,175.419,175.419,151.908,42.033,258.747,64.806,-148.134,429.965,281.831,"-84,45%","36,94%","86,60%","23,96%","1,300474358",4,En Riesgo,parcial
USR_458,1.197.882,0,1.197.882,362.003,465.764,827.767,0,370.115,63.468,433.583,"30,90%","0,00%","30,22%","38,88%","1,197733168",9,Saludable,sin_deuda
USR_459,463.718,0,463.718,140.537,33.989,174.526,0,289.192,18.571,307.763,"62,36%","0,00%","30,31%","7,33%","2,189907284",6,Saludable,sin_deuda
USR_460,484.560,27.495,512.055,198.487,141.794,340.281,0,171.774,27.093,198.867,"33,55%","0,00%","38,76%","27,69%","1,001914483",11,Saludable,sin_deuda
USR_461,526.589,0,526.589,165.712,39.988,205.700,0,320.889,0,320.889,"60,94%","0,00%","31,47%","7,59%","1,936425847",9,Saludable,sin_deuda
USR_462,1.172.116,0,1.172.116,402.282,212.638,716.029,101.109,354.978,62.766,417.744,"30,29%","8,63%","34,32%","18,14%","0,8298598902",8,Saludable,parcial
USR_463,1.486.244,0,1.486.244,647.325,492.445,1.561.844,422.074,-497.674,23.101,-474.573,"-33,49%","28,40%","43,55%","33,13%","-0,443775429",8,En Riesgo,parcial
USR_464,1.151.645,4.814,1.156.459,718.201,233.275,951.476,0,204.983,288.038,493.021,"17,73%","0,00%","62,10%","20,17%","0,686466602",7,Saludable,sin_deuda
USR_465,2.497.523,412.829,2.910.352,1.539.051,1.161.271,4.065.737,1.365.415,-2.520.800,928.929,-1.591.871,"-86,61%","46,92%","52,88%","39,90%","-0,5480769959",7,En Riesgo,total
USR_466,769.256,0,769.256,388.526,188.984,892.420,314.910,-438.074,152.182,-285.892,"-56,95%","40,94%","50,51%","24,57%","-0,4064221905",7,En Riesgo,parcial
USR_467,803.173,0,803.173,335.241,130.441,860.669,394.987,-452.483,273.842,-178.641,"-56,34%","49,18%","41,74%","16,24%","-0,2446372914",7,En Riesgo,total
USR_468,1.987.430,0,1.987.430,1.336.947,252.481,1.847.467,258.039,-118.076,20.371,-97.705,"-5,94%","12,98%","67,27%","12,70%","-0,06125759098",12,En Riesgo,total
USR_469,789.282,307.156,1.096.438,503.052,189.335,692.387,0,404.051,0,404.051,"36,85%","0,00%","45,88%","17,27%","0,8031992716",11,Saludable,sin_deuda
USR_470,2.513.374,187.810,2.701.184,904.457,487.258,1.974.136,582.421,144.627,430.917,575.544,"5,35%","21,56%","33,48%","18,04%","0,387082195",7,En Observación,total
USR_471,18.244,0,18.244,132.334,1.351,136.855,3.170,-121.781,0,-121.781,"-667,51%","17,38%","725,36%","7,41%","-0,8987262369",4,En Riesgo,total
USR_472,2.461.694,0,2.461.694,850.602,441.507,1.354.082,61.973,1.045.639,202.053,1.247.692,"42,48%","2,52%","34,55%","17,94%","1,367221324",14,Saludable,total
USR_473,6.264,0,6.264,243.666,1.331,245.162,165,-239.063,0,-239.063,"-3816,46%","2,63%","3889,94%","21,25%","-0,9804454725",10,En Riesgo,total
USR_474,2.025.060,12.526,2.037.586,1.024.834,617.303,1.642.137,0,395.449,56.374,451.823,"19,41%","0,00%","50,30%","30,30%","0,440874327",11,Saludable,sin_deuda
USR_475,1.247.416,337.808,1.585.224,1.029.903,443.633,1.836.496,362.960,-614.232,228.483,-385.749,"-38,75%","22,90%","64,97%","27,99%","-0,2769468354",5,En Riesgo,total
USR_476,2.507.545,0,2.507.545,1.247.300,747.419,1.994.719,0,512.826,52.400,565.226,"20,45%","0,00%","49,74%","29,81%","0,4531596248",13,Saludable,sin_deuda
USR_477,489.224,0,489.224,284.192,25.893,460.270,150.185,-121.231,727.492,606.261,"-24,78%","30,70%","58,09%","5,29%","1,395702351",8,En Riesgo,parcial
USR_478,1.247.945,0,1.247.945,869.976,157.470,1.185.223,157.777,-95.055,1.694.748,1.599.693,"-7,62%","12,64%","69,71%","12,62%","1,556495578",5,En Riesgo,parcial
USR_479,2.463.224,154.746,2.617.970,923.085,737.193,1.660.278,0,957.692,0,957.692,"36,58%","0,00%","35,26%","28,16%","1,037490589",7,Saludable,sin_deuda
USR_480,1.190.738,0,1.190.738,488.075,261.243,963.180,213.862,13.696,1.001.504,1.015.200,"1,15%","17,96%","40,99%","21,94%","1,446283641",8,En Observación,total
USR_481,1.175.150,197.286,1.372.436,628.343,71.174,699.517,0,672.919,459.137,1.132.056,"49,03%","0,00%","45,78%","5,19%","1,801652919",10,Saludable,sin_deuda
USR_482,1.213.731,12.773,1.226.504,574.901,406.676,1.484.871,503.294,-761.661,0,-761.661,"-62,10%","41,03%","46,87%","33,16%","-0,7064223077",5,En Riesgo,parcial
USR_483,1.199.688,0,1.199.688,557.145,384.480,1.227.961,286.336,-314.609,167.880,-146.729,"-26,22%","23,87%","46,44%","32,05%","-0,1739564969",5,En Riesgo,parcial
USR_484,1.249.929,0,1.249.929,828.758,302.416,1.350.423,219.249,-319.743,498.168,178.425,"-25,58%","17,54%","66,30%","24,19%","0,1702517254",4,En Riesgo,parcial
USR_485,1.223.509,0,1.223.509,716.503,89.637,1.027.938,221.798,-26.227,304.081,277.854,"-2,14%","18,13%","58,56%","7,33%","0,2961245911",5,En Riesgo,total
USR_486,1.958.577,308.105,2.266.682,1.231.176,721.440,2.865.765,913.149,-1.512.232,0,-1.512.232,"-66,72%","40,29%","54,32%","31,83%","-0,7052251874",12,En Riesgo,parcial
USR_487,0,37.118,37.118,144.415,9.439,159.945,6.091,-128.918,708.947,580.029,"-347,32%","16,41%","389,07%","25,43%","3,853859647",2,En Riesgo,parcial
USR_488,758.666,558.615,1.317.281,829.250,426.385,1.393.330,137.695,-213.744,0,-213.744,"-16,23%","10,45%","62,95%","32,37%","-0,2210508354",7,En Riesgo,parcial
USR_489,2.507.761,0,2.507.761,1.710.354,785.209,2.601.752,106.189,-200.180,0,-200.180,"-7,98%","4,23%","68,20%","31,31%","-0,1101983273",9,En Riesgo,total
USR_490,1.986.368,0,1.986.368,1.248.391,657.589,1.905.980,0,80.388,1.292.751,1.373.139,"4,05%","0,00%","62,85%","33,11%","1,099927026",9,En Observación,sin_deuda
USR_491,1.156.783,233.882,1.390.665,418.070,321.665,1.074.977,335.242,-19.554,28.933,9.379,"-1,41%","24,11%","30,06%","23,13%","0,01245035258",7,En Riesgo,total
USR_492,1.191.914,161.252,1.353.166,750.412,134.117,884.529,0,468.637,332.410,801.047,"34,63%","0,00%","55,46%","9,91%","1,067476266",10,Saludable,sin_deuda
USR_493,820.507,0,820.507,262.935,233.767,587.466,90.764,142.277,0,142.277,"17,34%","11,06%","32,05%","28,49%","0,4022544593",8,Saludable,total
USR_494,529.026,121.575,650.601,262.220,173.818,436.038,0,214.563,471.270,685.833,"32,98%","0,00%","40,30%","26,72%","2,615486996",10,Saludable,sin_deuda
USR_495,1.217.526,190.518,1.408.044,455.939,436.196,892.135,0,515.909,395.278,911.187,"36,64%","0,00%","32,38%","30,98%","1,998484446",10,Saludable,sin_deuda
USR_496,820.835,0,820.835,444.497,89.847,872.374,338.030,-389.569,143.671,-245.898,"-47,46%","41,18%","54,15%","10,95%","-0,3142358027",3,En Riesgo,total
USR_497,1.195.765,841.295,2.037.060,1.170.568,240.865,1.803.171,391.738,-157.849,210.245,52.396,"-7,75%","19,23%","57,46%","11,82%","0,03353760403",4,En Riesgo,total
USR_498,469.956,552.096,1.022.052,353.421,369.618,723.039,0,299.013,0,299.013,"29,26%","0,00%","34,58%","36,16%","0,8460532906",7,Saludable,sin_deuda
USR_499,2.537.895,157.613,2.695.508,1.222.509,842.325,2.064.834,0,630.674,409.603,1.040.277,"23,40%","0,00%","45,35%","31,25%","0,8509360667",7,Saludable,sin_deuda
USR_500,2.496.240,0,2.496.240,1.204.422,918.317,3.286.679,1.163.940,-1.954.379,361.537,-1.592.842,"-78,29%","46,63%","48,25%","36,79%","-0,6725500578",8,En Riesgo,total